timestep,dataset,model,norm,seq_len,pred_len,alpha,seed,dish_init,scaled,prior,gt_0,pred_0,gt_1,pred_1,gt_2,pred_2,gt_3,pred_3,gt_4,pred_4,gt_5,pred_5,gt_6,pred_6
0,ETTm2,Autoformer,dishts,96,336,0.75,2023,avg,False,paper,45.235,,4.188,,49.269,,3.806,,-3.987,,-1.343,,14.2725,
1,ETTm2,Autoformer,dishts,96,336,0.75,2023,avg,False,paper,45.654,,0.0,,48.706,,3.404,,-2.772,,0.0,,14.053,
2,ETTm2,Autoformer,dishts,96,336,0.75,2023,avg,False,paper,42.47,,0.0,,46.562,,1.903,,-3.849,,-1.279,,13.833,
3,ETTm2,Autoformer,dishts,96,336,0.75,2023,avg,False,paper,45.486,,0.0,,49.028,,2.841,,-3.849,,-1.279,,13.3935,
4,ETTm2,Autoformer,dishts,96,336,0.75,2023,avg,False,paper,43.727,,0.0,,47.58,,2.091,,-3.849,,-1.279,,12.954,
5,ETTm2,Autoformer,dishts,96,336,0.75,2023,avg,False,paper,41.465,,0.0,,45.409,,1.474,,-3.849,,0.0,,12.5145,
6,ETTm2,Autoformer,dishts,96,336,0.75,2023,avg,False,paper,41.884,,0.0,,45.248,,0.0,,-3.849,,-1.247,,12.075,
7,ETTm2,Autoformer,dishts,96,336,0.75,2023,avg,False,paper,45.402,,0.0,,48.438,,2.225,,-3.849,,-1.269,,11.6355,
8,ETTm2,Autoformer,dishts,96,336,0.75,2023,avg,False,paper,43.308,,0.0,,46.562,,1.421,,-2.473,,-1.215,,11.1965,
9,ETTm2,Autoformer,dishts,96,336,0.75,2023,avg,False,paper,45.905,,0.0,,48.518,,2.01,,-2.452,,0.0,,10.757,
10,ETTm2,Autoformer,dishts,96,336,0.75,2023,avg,False,paper,44.816,,0.0,,47.285,,0.0,,-2.452,,0.0,,10.0975,
11,ETTm2,Autoformer,dishts,96,336,0.75,2023,avg,False,paper,46.407,,0.0,,49.055,,1.448,,-2.495,,0.0,,9.6585,
12,ETTm2,Autoformer,dishts,96,336,0.75,2023,avg,False,paper,47.245,,0.0,,51.065,,1.742,,-3.71,,-1.311,,9.2185,
13,ETTm2,Autoformer,dishts,96,336,0.75,2023,avg,False,paper,47.748,,0.0,,51.011,,1.769,,-2.484,,0.0,,8.7795,
14,ETTm2,Autoformer,dishts,96,336,0.75,2023,avg,False,paper,48.837,,0.0,,51.226,,1.421,,-2.484,,0.0,,8.3395,
15,ETTm2,Autoformer,dishts,96,336,0.75,2023,avg,False,paper,52.69,,0.0,,54.55,,2.305,,-2.484,,0.0,,7.9005,
16,ETTm2,Autoformer,dishts,96,336,0.75,2023,avg,False,paper,51.852,,0.0,,54.416,,2.52,,-2.484,,0.0,,7.9005,
17,ETTm2,Autoformer,dishts,96,336,0.75,2023,avg,False,paper,52.271,,4.523,,55.113,,2.841,,-2.591,,0.0,,7.4605,
18,ETTm2,Autoformer,dishts,96,336,0.75,2023,avg,False,paper,54.03,,5.11,,55.622,,2.922,,-1.226,,0.0,,7.4605,
19,ETTm2,Autoformer,dishts,96,336,0.75,2023,avg,False,paper,52.69,,5.194,,54.255,,3.351,,-1.375,,0.0,,7.0215,
20,ETTm2,Autoformer,dishts,96,336,0.75,2023,avg,False,paper,54.784,,5.529,,55.381,,3.243,,0.0,,0.0,,7.0215,
21,ETTm2,Autoformer,dishts,96,336,0.75,2023,avg,False,paper,56.46,,6.45,,57.793,,4.289,,-1.269,,0.0,,7.0215,
22,ETTm2,Autoformer,dishts,96,336,0.75,2023,avg,False,paper,52.774,,4.691,,56.426,,3.914,,-3.763,,-1.258,,6.8015,
23,ETTm2,Autoformer,dishts,96,336,0.75,2023,avg,False,paper,52.187,,5.11,,55.327,,3.94,,-3.763,,0.0,,6.582,
24,ETTm2,Autoformer,dishts,96,336,0.75,2023,avg,False,paper,51.266,,5.11,,52.915,,4.048,,-2.441,,0.0,,6.582,
25,ETTm2,Autoformer,dishts,96,336,0.75,2023,avg,False,paper,50.763,,5.026,,53.183,,3.833,,-2.441,,0.0,,6.582,
26,ETTm2,Autoformer,dishts,96,336,0.75,2023,avg,False,paper,50.177,,4.775,,52.646,,3.538,,-2.473,,0.0,,6.582,
27,ETTm2,Autoformer,dishts,96,336,0.75,2023,avg,False,paper,45.318,,0.0,,49.564,,2.868,,-3.966,,-1.301,,6.582,
28,ETTm2,Autoformer,dishts,96,336,0.75,2023,avg,False,paper,41.046,,0.0,,44.095,,0.0,,-2.74,,-1.226,,6.582,
29,ETTm2,Autoformer,dishts,96,336,0.75,2023,avg,False,paper,39.706,,0.0,,42.514,,0.0,,-2.697,,0.0,,6.582,
30,ETTm2,Autoformer,dishts,96,336,0.75,2023,avg,False,paper,40.879,,0.0,,43.747,,1.528,,-2.697,,0.0,,6.582,
31,ETTm2,Autoformer,dishts,96,336,0.75,2023,avg,False,paper,39.371,,0.0,,42.782,,0.0,,-2.697,,-1.311,,6.582,
32,ETTm2,Autoformer,dishts,96,336,0.75,2023,avg,False,paper,40.209,,0.0,,42.487,,1.474,,-2.697,,0.0,,6.582,
33,ETTm2,Autoformer,dishts,96,336,0.75,2023,avg,False,paper,39.371,,0.0,,41.04,,0.0,,-1.439,,0.0,,6.3625,
34,ETTm2,Autoformer,dishts,96,336,0.75,2023,avg,False,paper,35.183,,0.0,,37.528,,0.0,,-2.719,,0.0,,6.3625,
35,ETTm2,Autoformer,dishts,96,336,0.75,2023,avg,False,paper,34.01,,0.0,,36.134,,0.0,,-2.719,,0.0,,6.3625,
36,ETTm2,Autoformer,dishts,96,336,0.75,2023,avg,False,paper,41.633,,0.0,,43.613,,1.85,,-1.237,,0.0,,6.3625,
37,ETTm2,Autoformer,dishts,96,336,0.75,2023,avg,False,paper,40.292,,0.0,,42.085,,1.448,,-1.311,,0.0,,6.1425,
38,ETTm2,Autoformer,dishts,96,336,0.75,2023,avg,False,paper,38.617,,0.0,,39.86,,0.0,,0.0,,0.0,,6.1425,
39,ETTm2,Autoformer,dishts,96,336,0.75,2023,avg,False,paper,40.544,,0.0,,43.425,,1.957,,-2.527,,0.0,,6.1425,
40,ETTm2,Autoformer,dishts,96,336,0.75,2023,avg,False,paper,39.622,,0.0,,41.576,,1.716,,-2.527,,0.0,,6.1425,
41,ETTm2,Autoformer,dishts,96,336,0.75,2023,avg,False,paper,40.376,,0.0,,42.514,,1.501,,-2.527,,0.0,,6.1425,
42,ETTm2,Autoformer,dishts,96,336,0.75,2023,avg,False,paper,41.298,,0.0,,42.353,,2.091,,0.0,,0.0,,5.923,
43,ETTm2,Autoformer,dishts,96,336,0.75,2023,avg,False,paper,41.298,,0.0,,42.487,,2.252,,0.0,,0.0,,5.923,
44,ETTm2,Autoformer,dishts,96,336,0.75,2023,avg,False,paper,41.465,,0.0,,43.774,,2.198,,-2.026,,0.0,,5.923,
45,ETTm2,Autoformer,dishts,96,336,0.75,2023,avg,False,paper,41.214,,0.0,,43.425,,2.707,,-2.026,,0.0,,5.923,
46,ETTm2,Autoformer,dishts,96,336,0.75,2023,avg,False,paper,41.716,,0.0,,43.559,,2.278,,-1.386,,0.0,,5.7035,
47,ETTm2,Autoformer,dishts,96,336,0.75,2023,avg,False,paper,42.638,,0.0,,43.238,,2.091,,0.0,,0.0,,5.7035,
48,ETTm2,Autoformer,dishts,96,336,0.75,2023,avg,False,paper,41.214,,0.0,,42.139,,1.876,,0.0,,0.0,,5.7035,
49,ETTm2,Autoformer,dishts,96,336,0.75,2023,avg,False,paper,41.633,,0.0,,43.023,,2.52,,-1.226,,0.0,,5.4835,
50,ETTm2,Autoformer,dishts,96,336,0.75,2023,avg,False,paper,42.889,,4.188,,43.345,,2.868,,0.0,,0.0,,5.2635,
51,ETTm2,Autoformer,dishts,96,336,0.75,2023,avg,False,paper,41.549,,0.0,,42.862,,2.252,,-1.311,,0.0,,5.2635,
52,ETTm2,Autoformer,dishts,96,336,0.75,2023,avg,False,paper,42.303,,0.0,,43.05,,2.198,,0.0,,0.0,,5.2635,
53,ETTm2,Autoformer,dishts,96,336,0.75,2023,avg,False,paper,41.968,,0.0,,43.264,,2.037,,0.0,,0.0,,5.2635,
54,ETTm2,Autoformer,dishts,96,336,0.75,2023,avg,False,paper,40.795,,0.0,,42.809,,2.144,,-2.74,,0.0,,5.2635,
55,ETTm2,Autoformer,dishts,96,336,0.75,2023,avg,False,paper,39.622,,0.0,,41.227,,1.93,,-1.311,,0.0,,5.044,
56,ETTm2,Autoformer,dishts,96,336,0.75,2023,avg,False,paper,37.193,,0.0,,39.619,,0.0,,-2.996,,0.0,,5.044,
57,ETTm2,Autoformer,dishts,96,336,0.75,2023,avg,False,paper,38.114,,0.0,,40.182,,0.0,,-1.748,,0.0,,4.8245,
58,ETTm2,Autoformer,dishts,96,336,0.75,2023,avg,False,paper,42.303,,0.0,,43.72,,2.305,,0.0,,0.0,,4.6045,
59,ETTm2,Autoformer,dishts,96,336,0.75,2023,avg,False,paper,43.559,,0.0,,44.256,,1.93,,0.0,,0.0,,4.6045,
60,ETTm2,Autoformer,dishts,96,336,0.75,2023,avg,False,paper,42.805,,0.0,,44.739,,1.662,,-1.503,,0.0,,4.3845,
61,ETTm2,Autoformer,dishts,96,336,0.75,2023,avg,False,paper,43.476,,0.0,,45.034,,1.823,,0.0,,0.0,,4.3845,
62,ETTm2,Autoformer,dishts,96,336,0.75,2023,avg,False,paper,41.214,,0.0,,41.79,,0.0,,0.0,,0.0,,4.165,
63,ETTm2,Autoformer,dishts,96,336,0.75,2023,avg,False,paper,39.371,,0.0,,41.066,,0.0,,-1.354,,0.0,,3.9455,
64,ETTm2,Autoformer,dishts,96,336,0.75,2023,avg,False,paper,39.957,,0.0,,43.506,,0.0,,-2.889,,0.0,,3.9455,
65,ETTm2,Autoformer,dishts,96,336,0.75,2023,avg,False,paper,44.983,,0.0,,48.116,,3.029,,-2.889,,0.0,,3.9455,
66,ETTm2,Autoformer,dishts,96,336,0.75,2023,avg,False,paper,46.072,,4.607,,50.154,,4.262,,-4.105,,-1.418,,4.165,
67,ETTm2,Autoformer,dishts,96,336,0.75,2023,avg,False,paper,46.659,,5.194,,50.824,,4.718,,-4.105,,-1.418,,4.6045,
68,ETTm2,Autoformer,dishts,96,336,0.75,2023,avg,False,paper,47.329,,5.696,,51.199,,5.12,,-4.105,,-1.418,,5.2635,
69,ETTm2,Autoformer,dishts,96,336,0.75,2023,avg,False,paper,48.25,,5.864,,51.869,,5.227,,-4.105,,-1.418,,5.7035,
70,ETTm2,Autoformer,dishts,96,336,0.75,2023,avg,False,paper,49.088,,6.199,,52.915,,5.388,,-4.105,,-1.418,,6.582,
71,ETTm2,Autoformer,dishts,96,336,0.75,2023,avg,False,paper,45.989,,4.272,,50.127,,3.78,,-4.105,,-1.418,,7.4605,
72,ETTm2,Autoformer,dishts,96,336,0.75,2023,avg,False,paper,45.989,,0.0,,49.966,,3.538,,-4.105,,-1.418,,8.3395,
73,ETTm2,Autoformer,dishts,96,336,0.75,2023,avg,False,paper,46.743,,4.356,,50.77,,3.887,,-4.105,,-1.397,,9.4385,
74,ETTm2,Autoformer,dishts,96,336,0.75,2023,avg,False,paper,45.737,,0.0,,50.154,,3.699,,-4.105,,-1.375,,10.537,
75,ETTm2,Autoformer,dishts,96,336,0.75,2023,avg,False,paper,48.837,,4.775,,52.325,,4.182,,-4.105,,-1.311,,11.6355,
76,ETTm2,Autoformer,dishts,96,336,0.75,2023,avg,False,paper,48.585,,4.44,,52.137,,3.646,,-4.105,,-1.247,,12.5145,
77,ETTm2,Autoformer,dishts,96,336,0.75,2023,avg,False,paper,47.413,,0.0,,51.628,,3.404,,-4.105,,-1.215,,13.833,
78,ETTm2,Autoformer,dishts,96,336,0.75,2023,avg,False,paper,45.737,,0.0,,49.885,,2.198,,-4.105,,-1.215,,14.7115,
79,ETTm2,Autoformer,dishts,96,336,0.75,2023,avg,False,paper,45.57,,0.0,,49.939,,2.815,,-4.105,,-1.215,,15.371,
80,ETTm2,Autoformer,dishts,96,336,0.75,2023,avg,False,paper,45.486,,0.0,,49.644,,2.547,,-4.105,,-1.279,,15.8105,
81,ETTm2,Autoformer,dishts,96,336,0.75,2023,avg,False,paper,47.496,,5.529,,50.69,,3.136,,-4.105,,0.0,,15.8105,
82,ETTm2,Autoformer,dishts,96,336,0.75,2023,avg,False,paper,47.58,,4.775,,51.306,,4.182,,-4.105,,-1.226,,16.03,
83,ETTm2,Autoformer,dishts,96,336,0.75,2023,avg,False,paper,49.507,,5.361,,52.646,,4.664,,-4.105,,-1.269,,15.8105,
84,ETTm2,Autoformer,dishts,96,336,0.75,2023,avg,False,paper,50.093,,6.115,,53.049,,5.066,,-2.889,,0.0,,15.371,
85,ETTm2,Autoformer,dishts,96,336,0.75,2023,avg,False,paper,50.931,,6.618,,54.228,,5.468,,-4.169,,0.0,,14.932,
86,ETTm2,Autoformer,dishts,96,336,0.75,2023,avg,False,paper,47.832,,5.361,,51.681,,4.664,,-2.932,,-1.247,,14.492,
87,ETTm2,Autoformer,dishts,96,336,0.75,2023,avg,False,paper,49.507,,6.199,,53.451,,5.468,,-2.932,,-1.237,,14.492,
88,ETTm2,Autoformer,dishts,96,336,0.75,2023,avg,False,paper,49.926,,6.534,,53.183,,5.254,,-2.921,,0.0,,14.492,
89,ETTm2,Autoformer,dishts,96,336,0.75,2023,avg,False,paper,49.088,,5.948,,52.164,,4.905,,-2.921,,0.0,,14.712,
90,ETTm2,Autoformer,dishts,96,336,0.75,2023,avg,False,paper,47.413,,5.529,,51.333,,4.905,,-4.147,,-1.247,,15.1515,
91,ETTm2,Autoformer,dishts,96,336,0.75,2023,avg,False,paper,42.219,,0.0,,46.615,,3.699,,-4.041,,-1.226,,15.591,
92,ETTm2,Autoformer,dishts,96,336,0.75,2023,avg,False,paper,46.072,,5.361,,50.556,,4.771,,-4.041,,-1.226,,15.591,
93,ETTm2,Autoformer,dishts,96,336,0.75,2023,avg,False,paper,46.659,,5.194,,50.207,,4.503,,-4.041,,0.0,,15.8105,
94,ETTm2,Autoformer,dishts,96,336,0.75,2023,avg,False,paper,46.91,,5.864,,50.207,,4.852,,-4.041,,0.0,,15.8105,
95,ETTm2,Autoformer,dishts,96,336,0.75,2023,avg,False,paper,48.25,,5.864,,50.716,,4.718,,-2.751,,0.0,,15.371,
96,ETTm2,Autoformer,dishts,96,336,0.75,2023,avg,False,paper,48.167,40.202087,5.361,-0.8420458,51.735,46.41182,4.074,1.7852191,-3.987,-1.9494698,0.0,-0.37652373,7.241,8.762098
97,ETTm2,Autoformer,dishts,96,336,0.75,2023,avg,False,paper,48.669,44.566208,5.361,1.4020538,51.655,47.86346,4.074,3.0540864,-3.987,-1.8974829,0.0,-0.42264003,7.9005,9.823718
98,ETTm2,Autoformer,dishts,96,336,0.75,2023,avg,False,paper,48.669,46.010952,5.194,2.0340436,51.869,48.342197,3.994,3.527001,-3.987,-2.1095173,0.0,-0.42857808,8.779,10.683166
99,ETTm2,Autoformer,dishts,96,336,0.75,2023,avg,False,paper,48.334,44.685547,5.026,1.2294042,51.44,47.784546,3.672,3.0887773,-2.751,-2.3050177,0.0,-0.40727204,9.658,10.933983
100,ETTm2,Autoformer,dishts,96,336,0.75,2023,avg,False,paper,48.502,44.79863,4.859,1.4238857,52.137,47.885616,3.699,3.0727634,-2.751,-2.4092624,0.0,-0.3946612,10.537,11.124331
101,ETTm2,Autoformer,dishts,96,336,0.75,2023,avg,False,paper,47.832,46.578053,0.0,2.8272405,51.279,48.748207,2.895,3.641771,-2.751,-2.3892663,0.0,-0.43531233,11.416,12.0387745
102,ETTm2,Autoformer,dishts,96,336,0.75,2023,avg,False,paper,45.821,46.04387,0.0,2.9181435,49.376,48.826996,2.359,3.650254,-2.751,-2.5367606,0.0,-0.4082787,12.0755,12.358356
103,ETTm2,Autoformer,dishts,96,336,0.75,2023,avg,False,paper,44.9,45.219887,0.0,2.7704751,48.518,48.65589,1.93,3.4928527,-3.987,-2.8390267,0.0,-0.4401034,12.954,12.22678
104,ETTm2,Autoformer,dishts,96,336,0.75,2023,avg,False,paper,44.816,48.46707,0.0,4.3037825,47.634,50.065514,2.681,4.2406716,-2.719,-2.82276,0.0,-0.53387773,13.6135,12.775724
105,ETTm2,Autoformer,dishts,96,336,0.75,2023,avg,False,paper,42.973,50.81918,0.0,5.5861654,46.562,51.629353,2.305,4.7827387,-2.719,-2.6832035,0.0,-0.5624824,13.833,13.138251
106,ETTm2,Autoformer,dishts,96,336,0.75,2023,avg,False,paper,44.565,50.393322,0.0,5.561096,47.902,51.636562,2.707,4.7198567,-2.719,-2.5682397,0.0,-0.5302873,13.6135,13.052557
107,ETTm2,Autoformer,dishts,96,336,0.75,2023,avg,False,paper,44.229,50.053482,0.0,5.5690327,47.419,51.68203,2.949,4.67548,-2.719,-2.4910066,0.0,-0.52415997,13.6135,12.958229
108,ETTm2,Autoformer,dishts,96,336,0.75,2023,avg,False,paper,44.9,49.644688,4.691,5.469143,48.358,51.65889,3.887,4.5625534,-2.719,-2.4520807,0.0,-0.5058878,13.6135,13.055711
109,ETTm2,Autoformer,dishts,96,336,0.75,2023,avg,False,paper,49.758,49.368324,6.869,5.2733984,53.075,51.68421,5.254,4.487482,-2.719,-2.4909875,0.0,-0.4884885,13.833,13.061364
110,ETTm2,Autoformer,dishts,96,336,0.75,2023,avg,False,paper,49.926,49.352623,6.785,5.101702,53.263,51.637917,5.334,4.4475393,-2.719,-2.5313272,0.0,-0.4635427,14.2725,12.90884
111,ETTm2,Autoformer,dishts,96,336,0.75,2023,avg,False,paper,48.502,49.531345,6.45,5.1420627,51.896,51.704792,5.227,4.5263715,-3.934,-2.5206783,0.0,-0.46219426,14.9315,12.900792
112,ETTm2,Autoformer,dishts,96,336,0.75,2023,avg,False,paper,48.585,49.53313,6.115,5.1697297,52.137,51.761898,4.932,4.5813675,-3.934,-2.5102344,0.0,-0.46469378,14.9315,12.860019
113,ETTm2,Autoformer,dishts,96,336,0.75,2023,avg,False,paper,48.837,49.433933,5.864,5.1571693,51.896,51.73915,4.503,4.591007,-2.719,-2.4961238,0.0,-0.46915394,14.7115,12.820078
114,ETTm2,Autoformer,dishts,96,336,0.75,2023,avg,False,paper,48.167,49.33414,5.612,5.132597,51.333,51.556503,4.477,4.543662,-2.719,-2.465475,0.0,-0.48364115,13.833,12.80006
115,ETTm2,Autoformer,dishts,96,336,0.75,2023,avg,False,paper,48.502,49.09578,6.031,5.1001725,52.191,51.270615,4.771,4.4377375,-2.719,-2.4137695,0.0,-0.50306743,13.174,12.685835
116,ETTm2,Autoformer,dishts,96,336,0.75,2023,avg,False,paper,48.083,48.61653,5.612,4.9814863,51.199,50.92164,4.396,4.2908516,-2.719,-2.395185,0.0,-0.5136182,12.954,12.4268265
117,ETTm2,Autoformer,dishts,96,336,0.75,2023,avg,False,paper,49.256,48.26207,6.115,4.9067,52.325,50.643784,4.691,4.202874,-2.719,-2.3941572,0.0,-0.525384,12.515,12.173658
118,ETTm2,Autoformer,dishts,96,336,0.75,2023,avg,False,paper,50.009,47.875847,6.618,4.794654,53.156,50.415176,4.986,4.108724,-2.719,-2.4019613,0.0,-0.53364843,12.075,11.945068
119,ETTm2,Autoformer,dishts,96,336,0.75,2023,avg,False,paper,49.926,47.575592,5.948,4.7113466,52.325,50.261456,4.209,4.0221786,-2.719,-2.3888338,0.0,-0.5346886,11.8555,11.747881
120,ETTm2,Autoformer,dishts,96,336,0.75,2023,avg,False,paper,50.261,47.70285,6.366,4.8504004,53.236,50.27955,4.637,4.030846,-2.719,-2.3452992,0.0,-0.5308524,11.416,11.602685
121,ETTm2,Autoformer,dishts,96,336,0.75,2023,avg,False,paper,50.847,47.982708,6.366,5.1181145,53.343,50.394535,4.53,4.086501,-2.719,-2.291358,0.0,-0.51331794,10.9765,11.490417
122,ETTm2,Autoformer,dishts,96,336,0.75,2023,avg,False,paper,52.69,48.15964,6.953,5.2926702,54.523,50.517338,4.798,4.1109357,-1.503,-2.2463686,0.0,-0.47588438,10.537,11.354631
123,ETTm2,Autoformer,dishts,96,336,0.75,2023,avg,False,paper,53.36,48.350636,6.701,5.3350453,55.381,50.584976,4.557,4.107231,-1.503,-2.225561,0.0,-0.43724328,9.878,11.186728
124,ETTm2,Autoformer,dishts,96,336,0.75,2023,avg,False,paper,53.36,48.5,6.199,5.338995,54.791,50.57877,4.101,4.1003146,-1.482,-2.2249715,0.0,-0.4169683,9.658,11.088184
125,ETTm2,Autoformer,dishts,96,336,0.75,2023,avg,False,paper,52.858,48.573555,5.864,5.352171,54.818,50.506332,4.155,4.099226,-1.45,-2.2272863,0.0,-0.41196245,9.219,11.029034
126,ETTm2,Autoformer,dishts,96,336,0.75,2023,avg,False,paper,52.523,48.856113,5.78,5.476124,54.737,50.47204,3.994,4.157748,-2.74,-2.2080712,0.0,-0.4203111,8.999,10.94519
127,ETTm2,Autoformer,dishts,96,336,0.75,2023,avg,False,paper,53.695,49.335526,6.45,5.6902294,55.676,50.531357,4.289,4.2755337,-1.514,-2.1790583,0.0,-0.44085073,8.5595,10.858754
128,ETTm2,Autoformer,dishts,96,336,0.75,2023,avg,False,paper,53.528,49.183857,6.366,5.6612616,55.032,50.470085,3.887,4.2681828,-1.247,-2.1822515,0.0,-0.4525373,8.12,10.759127
129,ETTm2,Autoformer,dishts,96,336,0.75,2023,avg,False,paper,52.69,48.32858,5.194,5.321229,54.898,50.155407,3.458,4.081013,-2.441,-2.2217097,0.0,-0.44555235,7.9005,10.552185
130,ETTm2,Autoformer,dishts,96,336,0.75,2023,avg,False,paper,54.952,47.445057,7.455,4.9090223,57.284,49.7421,4.825,3.8449736,-2.441,-2.2864132,0.0,-0.43716288,7.6805,10.240834
131,ETTm2,Autoformer,dishts,96,336,0.75,2023,avg,False,paper,55.454,46.747826,7.12,4.585266,57.069,49.37638,4.798,3.6408381,-1.375,-2.3675451,0.0,-0.44052678,7.4605,9.949565
132,ETTm2,Autoformer,dishts,96,336,0.75,2023,avg,False,paper,52.271,46.231224,5.026,4.395696,53.397,49.02345,2.841,3.490461,0.0,-2.4374332,0.0,-0.4596988,7.241,9.7211
133,ETTm2,Autoformer,dishts,96,336,0.75,2023,avg,False,paper,52.69,46.01403,5.026,4.3858414,53.746,48.70462,2.654,3.4222906,0.0,-2.448746,0.0,-0.49163008,7.0215,9.478712
134,ETTm2,Autoformer,dishts,96,336,0.75,2023,avg,False,paper,52.858,45.93611,4.523,4.456385,53.397,48.526245,2.118,3.4122481,0.0,-2.4031727,0.0,-0.5210423,6.802,9.224026
135,ETTm2,Autoformer,dishts,96,336,0.75,2023,avg,False,paper,53.025,45.85704,4.607,4.4883094,53.049,48.42562,2.01,3.4161654,0.0,-2.364253,0.0,-0.53808826,6.582,9.037062
136,ETTm2,Autoformer,dishts,96,336,0.75,2023,avg,False,paper,53.444,45.737473,5.277,4.4427357,53.772,48.25856,2.681,3.403082,0.0,-2.3770711,0.0,-0.5417042,6.582,8.935111
137,ETTm2,Autoformer,dishts,96,336,0.75,2023,avg,False,paper,54.952,45.593925,5.864,4.358572,54.55,48.04086,2.841,3.3784828,0.0,-2.4283795,0.0,-0.53284657,6.1425,8.884307
138,ETTm2,Autoformer,dishts,96,336,0.75,2023,avg,False,paper,56.627,45.219475,6.283,4.2066884,56.185,47.84818,3.324,3.3023949,0.0,-2.4772947,0.0,-0.5126922,6.1425,8.831164
139,ETTm2,Autoformer,dishts,96,336,0.75,2023,avg,False,paper,56.376,44.91233,6.534,4.1167564,56.935,47.6826,3.78,3.2248433,0.0,-2.4804232,0.0,-0.49679893,5.7035,8.726039
140,ETTm2,Autoformer,dishts,96,336,0.75,2023,avg,False,paper,55.538,44.9808,6.115,4.211657,57.069,47.566525,3.967,3.2187858,-1.279,-2.4259038,0.0,-0.49315304,5.7035,8.575458
141,ETTm2,Autoformer,dishts,96,336,0.75,2023,avg,False,paper,58.051,45.167427,7.539,4.3330317,58.115,47.58015,4.343,3.2572548,0.0,-2.3561585,0.0,-0.48654133,5.7035,8.495469
142,ETTm2,Autoformer,dishts,96,336,0.75,2023,avg,False,paper,56.376,45.22296,7.037,4.3531494,57.096,47.64944,4.021,3.2876785,0.0,-2.3102698,0.0,-0.46438098,5.2635,8.463366
143,ETTm2,Autoformer,dishts,96,336,0.75,2023,avg,False,paper,53.444,45.32504,5.78,4.3314724,53.933,47.779175,3.243,3.3284726,0.0,-2.2864714,0.0,-0.43055445,5.2635,8.461924
144,ETTm2,Autoformer,dishts,96,336,0.75,2023,avg,False,paper,51.517,45.52528,4.942,4.3492455,52.432,47.99133,2.788,3.3821197,0.0,-2.2978487,0.0,-0.40256757,5.2635,8.539343
145,ETTm2,Autoformer,dishts,96,336,0.75,2023,avg,False,paper,49.256,45.8007,0.0,4.4327383,49.859,48.197998,1.93,3.437361,0.0,-2.3308094,0.0,-0.39322245,5.044,8.645561
146,ETTm2,Autoformer,dishts,96,336,0.75,2023,avg,False,paper,46.072,46.062187,0.0,4.5219064,46.642,48.280712,1.367,3.4731567,0.0,-2.3146305,0.0,-0.3998375,4.8245,8.687296
147,ETTm2,Autoformer,dishts,96,336,0.75,2023,avg,False,paper,46.994,46.07178,0.0,4.498941,47.393,48.18567,1.742,3.444718,0.0,-2.2644994,0.0,-0.41875422,4.8245,8.651754
148,ETTm2,Autoformer,dishts,96,336,0.75,2023,avg,False,paper,44.983,45.753513,0.0,4.3459334,43.854,48.011627,0.0,3.3529491,2.282,-2.2589934,0.0,-0.43546826,4.3845,8.570381
149,ETTm2,Autoformer,dishts,96,336,0.75,2023,avg,False,paper,42.722,45.269085,0.0,4.142953,44.069,47.834896,0.0,3.2359238,0.0,-2.3024752,0.0,-0.4347136,4.3845,8.447201
150,ETTm2,Autoformer,dishts,96,336,0.75,2023,avg,False,paper,43.308,44.661243,0.0,3.9287014,43.774,47.68576,0.0,3.102772,0.0,-2.376153,0.0,-0.42033,4.3845,8.332614
151,ETTm2,Autoformer,dishts,96,336,0.75,2023,avg,False,paper,46.24,44.261967,0.0,3.853693,47.178,47.657738,2.198,3.033534,0.0,-2.4625,0.0,-0.41616416,3.9455,8.327646
152,ETTm2,Autoformer,dishts,96,336,0.75,2023,avg,False,paper,45.486,44.480354,0.0,4.0333166,46.267,47.763523,1.823,3.1120436,0.0,-2.5359864,0.0,-0.43945742,3.9455,8.457128
153,ETTm2,Autoformer,dishts,96,336,0.75,2023,avg,False,paper,45.402,45.16102,0.0,4.3805537,46.32,47.904182,2.091,3.2818325,0.0,-2.568416,0.0,-0.48060483,3.5055,8.620617
154,ETTm2,Autoformer,dishts,96,336,0.75,2023,avg,False,paper,44.481,45.71953,0.0,4.6169415,45.623,48.032234,2.091,3.3973217,0.0,-2.5423892,0.0,-0.51189107,3.5055,8.703932
155,ETTm2,Autoformer,dishts,96,336,0.75,2023,avg,False,paper,43.811,45.998753,0.0,4.697982,45.516,48.151627,2.01,3.45037,-1.386,-2.4962735,0.0,-0.52473646,3.0665,8.754661
156,ETTm2,Autoformer,dishts,96,336,0.75,2023,avg,False,paper,43.141,45.9915,0.0,4.672229,44.551,48.16881,1.769,3.4526894,-1.386,-2.4774625,0.0,-0.5206799,2.847,8.829987
157,ETTm2,Autoformer,dishts,96,336,0.75,2023,avg,False,paper,43.559,45.62467,0.0,4.528923,44.739,48.101036,1.555,3.395438,0.0,-2.4982646,0.0,-0.50098157,2.627,8.967871
158,ETTm2,Autoformer,dishts,96,336,0.75,2023,avg,False,paper,43.057,45.331013,0.0,4.4198804,44.632,48.121292,2.252,3.3689134,-1.29,-2.5267067,0.0,-0.4783979,2.407,9.1596575
159,ETTm2,Autoformer,dishts,96,336,0.75,2023,avg,False,paper,42.638,45.499557,0.0,4.4836693,43.961,48.257988,2.091,3.4370193,0.0,-2.5436563,0.0,-0.46725112,2.1875,9.382244
160,ETTm2,Autoformer,dishts,96,336,0.75,2023,avg,False,paper,41.968,45.667797,0.0,4.5395236,43.961,48.335125,2.252,3.488155,-2.623,-2.5487518,0.0,-0.46152657,1.968,9.604047
161,ETTm2,Autoformer,dishts,96,336,0.75,2023,avg,False,paper,40.041,45.51334,0.0,4.448036,42.594,48.30387,1.876,3.4436429,-2.623,-2.5385838,0.0,-0.45058697,1.7485,9.795535
162,ETTm2,Autoformer,dishts,96,336,0.75,2023,avg,False,paper,41.633,45.301014,0.0,4.281833,43.184,48.247322,2.144,3.3533561,-1.247,-2.5100784,0.0,-0.43160135,1.7485,9.941926
163,ETTm2,Autoformer,dishts,96,336,0.75,2023,avg,False,paper,40.376,45.178585,0.0,4.1028237,42.889,48.27378,1.957,3.2674067,-2.591,-2.4950624,0.0,-0.40779567,1.3085,10.044912
164,ETTm2,Autoformer,dishts,96,336,0.75,2023,avg,False,paper,40.292,45.178665,0.0,3.9914646,43.291,48.482155,2.413,3.2364323,-2.623,-2.5132008,-1.258,-0.392469,1.3085,10.187596
165,ETTm2,Autoformer,dishts,96,336,0.75,2023,avg,False,paper,41.13,45.419388,0.0,4.062051,43.827,48.81894,2.359,3.3006532,-2.623,-2.5384073,-1.247,-0.3966319,1.089,10.450858
166,ETTm2,Autoformer,dishts,96,336,0.75,2023,avg,False,paper,40.125,45.84268,0.0,4.276267,42.862,49.13776,1.769,3.4308083,-2.623,-2.5445254,-1.226,-0.4159574,0.8695,10.812146
167,ETTm2,Autoformer,dishts,96,336,0.75,2023,avg,False,paper,41.465,46.257294,0.0,4.469431,43.935,49.35633,1.984,3.5534315,-2.623,-2.5492136,0.0,-0.4391002,0.8695,11.133587
168,ETTm2,Autoformer,dishts,96,336,0.75,2023,avg,False,paper,41.298,46.521164,0.0,4.5413256,43.801,49.555115,2.091,3.6170049,-2.623,-2.5534484,0.0,-0.45355177,0.4295,11.3299265
169,ETTm2,Autoformer,dishts,96,336,0.75,2023,avg,False,paper,39.874,46.556652,0.0,4.4848466,43.211,49.71863,2.064,3.6238406,-2.623,-2.5476172,-1.418,-0.4559536,0.4295,11.480106
170,ETTm2,Autoformer,dishts,96,336,0.75,2023,avg,False,paper,40.292,46.428875,0.0,4.3553987,42.541,49.809338,1.769,3.6137145,-2.58,-2.5579739,0.0,-0.44905192,0.4295,11.687789
171,ETTm2,Autoformer,dishts,96,336,0.75,2023,avg,False,paper,39.455,46.524956,0.0,4.348303,41.737,49.95072,1.742,3.6822667,-2.58,-2.5901544,0.0,-0.44151312,0.21,12.031122
172,ETTm2,Autoformer,dishts,96,336,0.75,2023,avg,False,paper,38.701,47.030193,0.0,4.5754275,40.503,50.225388,1.421,3.857748,-1.439,-2.6139276,0.0,-0.44134128,-0.0095,12.466682
173,ETTm2,Autoformer,dishts,96,336,0.75,2023,avg,False,paper,41.046,47.613564,0.0,4.876512,43.747,50.548492,2.332,4.042348,-2.676,-2.6305153,0.0,-0.44330627,-0.0095,12.883588
174,ETTm2,Autoformer,dishts,96,336,0.75,2023,avg,False,paper,42.47,48.01829,0.0,5.0703306,43.988,50.831573,2.144,4.1565795,-1.471,-2.6634648,0.0,-0.44079328,-0.2295,13.210431
175,ETTm2,Autoformer,dishts,96,336,0.75,2023,avg,False,paper,40.209,48.237026,0.0,5.132625,43.479,51.027008,2.171,4.199441,-2.548,-2.7068396,0.0,-0.4338464,-0.2295,13.475255
176,ETTm2,Autoformer,dishts,96,336,0.75,2023,avg,False,paper,39.79,48.231388,0.0,5.092309,41.603,51.095745,0.0,4.191208,-2.548,-2.7398214,0.0,-0.4245397,-0.4495,13.767906
177,ETTm2,Autoformer,dishts,96,336,0.75,2023,avg,False,paper,41.884,48.15264,0.0,4.994033,43.667,51.112606,1.957,4.182504,-1.311,-2.7709846,0.0,-0.41972256,-0.4495,14.104291
178,ETTm2,Autoformer,dishts,96,336,0.75,2023,avg,False,paper,41.381,48.34569,0.0,4.937916,42.862,51.222996,1.34,4.2395134,-1.301,-2.805263,0.0,-0.42593366,-0.669,14.426136
179,ETTm2,Autoformer,dishts,96,336,0.75,2023,avg,False,paper,42.638,48.77553,0.0,4.951947,43.801,51.384186,1.448,4.3326974,0.0,-2.8129268,0.0,-0.43821818,-0.8885,14.688262
180,ETTm2,Autoformer,dishts,96,336,0.75,2023,avg,False,paper,41.549,49.14491,0.0,4.997835,43.747,51.453785,1.421,4.3897243,-1.279,-2.7549467,0.0,-0.45039332,-0.8885,14.8756275
181,ETTm2,Autoformer,dishts,96,336,0.75,2023,avg,False,paper,40.376,49.368835,0.0,5.0654864,41.737,51.429264,0.0,4.4095244,0.0,-2.63911,0.0,-0.46499878,-1.1085,14.967961
182,ETTm2,Autoformer,dishts,96,336,0.75,2023,avg,False,paper,38.449,49.44048,0.0,5.1067085,39.297,51.44367,0.0,4.403063,0.0,-2.5467465,0.0,-0.47447234,-1.1085,15.0116005
183,ETTm2,Autoformer,dishts,96,336,0.75,2023,avg,False,paper,38.701,49.390972,0.0,5.104328,40.798,51.515648,0.0,4.36004,-1.557,-2.5049276,0.0,-0.47224408,-1.1085,15.137187
184,ETTm2,Autoformer,dishts,96,336,0.75,2023,avg,False,paper,38.617,49.307278,0.0,5.103757,41.281,51.57539,0.0,4.316259,-1.557,-2.5098562,0.0,-0.46824127,-1.1085,15.327234
185,ETTm2,Autoformer,dishts,96,336,0.75,2023,avg,False,paper,38.533,49.4348,0.0,5.1372156,41.2,51.645054,0.0,4.3315682,-1.557,-2.5594876,0.0,-0.4678743,-0.669,15.48886
186,ETTm2,Autoformer,dishts,96,336,0.75,2023,avg,False,paper,39.622,49.597755,0.0,5.116457,43.264,51.671703,0.0,4.365436,-2.857,-2.610098,0.0,-0.46123207,-0.2295,15.57554
187,ETTm2,Autoformer,dishts,96,336,0.75,2023,avg,False,paper,40.963,49.494083,0.0,5.021059,44.739,51.649517,1.501,4.3633976,-2.857,-2.620223,0.0,-0.44201648,0.21,15.61215
188,ETTm2,Autoformer,dishts,96,336,0.75,2023,avg,False,paper,41.884,49.514404,0.0,5.069036,46.347,51.789062,1.796,4.4112244,-4.105,-2.599545,0.0,-0.4239127,1.089,15.623488
189,ETTm2,Autoformer,dishts,96,336,0.75,2023,avg,False,paper,42.638,49.753666,0.0,5.276908,46.776,52.100857,1.93,4.5189514,-4.105,-2.5826097,0.0,-0.41413534,1.968,15.617556
190,ETTm2,Autoformer,dishts,96,336,0.75,2023,avg,False,paper,43.978,49.63873,0.0,5.3794107,47.259,52.34063,1.93,4.5427313,-4.105,-2.5771208,0.0,-0.40085196,3.0665,15.612577
191,ETTm2,Autoformer,dishts,96,336,0.75,2023,avg,False,paper,44.229,49.3336,0.0,5.3853645,48.197,52.44275,2.895,4.4840155,-4.105,-2.558775,0.0,-0.39072585,4.3845,15.609182
192,ETTm2,Autoformer,dishts,96,336,0.75,2023,avg,False,paper,41.968,49.472385,0.0,5.419197,45.275,52.50288,0.0,4.4829535,-4.105,-2.5507061,0.0,-0.39775705,5.044,15.521557
193,ETTm2,Autoformer,dishts,96,336,0.75,2023,avg,False,paper,44.481,49.841816,0.0,5.431694,47.205,52.54456,0.0,4.5204935,-2.836,-2.5779006,0.0,-0.41648382,6.1425,15.412542
194,ETTm2,Autoformer,dishts,96,336,0.75,2023,avg,False,paper,44.816,49.78998,0.0,5.305664,48.358,52.47526,1.635,4.477607,-2.836,-2.6014938,0.0,-0.43332106,7.2415,15.350851
195,ETTm2,Autoformer,dishts,96,336,0.75,2023,avg,False,paper,43.559,49.41198,0.0,5.1211624,47.017,52.30283,1.421,4.3790717,-4.062,-2.5837772,0.0,-0.4418974,8.3395,15.23881
196,ETTm2,Autoformer,dishts,96,336,0.75,2023,avg,False,paper,43.978,49.323204,0.0,5.0829725,47.178,52.17021,1.582,4.33356,-2.847,-2.5300536,0.0,-0.4491462,9.4385,15.03804
197,ETTm2,Autoformer,dishts,96,336,0.75,2023,avg,False,paper,44.397,49.399414,0.0,5.1584864,48.036,52.04953,2.118,4.322086,-2.847,-2.482103,0.0,-0.45471162,10.0975,14.781739
198,ETTm2,Autoformer,dishts,96,336,0.75,2023,avg,False,paper,45.151,49.324123,0.0,5.2059927,48.652,51.922195,1.796,4.2903385,-2.847,-2.4706328,0.0,-0.45231837,10.7565,14.579241
199,ETTm2,Autoformer,dishts,96,336,0.75,2023,avg,False,paper,44.229,49.384125,0.0,5.2462606,48.116,51.865494,2.493,4.278553,-4.062,-2.47221,0.0,-0.4496678,11.416,14.472168
200,ETTm2,Autoformer,dishts,96,336,0.75,2023,avg,False,paper,45.486,49.778625,0.0,5.3177423,49.698,51.877037,2.922,4.323266,-4.062,-2.4736404,0.0,-0.45684248,12.075,14.383835
201,ETTm2,Autoformer,dishts,96,336,0.75,2023,avg,False,paper,43.727,50.248695,0.0,5.41234,47.151,51.87698,2.278,4.4008565,-2.836,-2.460989,0.0,-0.46861947,12.515,14.256597
202,ETTm2,Autoformer,dishts,96,336,0.75,2023,avg,False,paper,43.643,50.709446,0.0,5.596488,46.99,51.888023,1.501,4.512441,-2.836,-2.4121397,0.0,-0.4756438,12.7345,14.085438
203,ETTm2,Autoformer,dishts,96,336,0.75,2023,avg,False,paper,43.224,51.249268,0.0,5.9017034,46.696,51.963367,2.037,4.6634417,-4.073,-2.3302379,0.0,-0.47471303,13.174,13.884296
204,ETTm2,Autoformer,dishts,96,336,0.75,2023,avg,False,paper,43.727,51.7183,0.0,6.2249217,46.99,52.076504,2.252,4.8114576,-4.073,-2.259574,0.0,-0.46538937,13.833,13.706937
205,ETTm2,Autoformer,dishts,96,336,0.75,2023,avg,False,paper,43.476,51.90878,0.0,6.4367085,47.151,52.154907,2.815,4.8986793,-4.073,-2.2412198,0.0,-0.4514104,14.0525,13.604694
206,ETTm2,Autoformer,dishts,96,336,0.75,2023,avg,False,paper,46.324,51.760696,5.445,6.4923635,50.69,52.142635,4.718,4.900053,-4.073,-2.2596529,0.0,-0.44167286,14.712,13.54373
207,ETTm2,Autoformer,dishts,96,336,0.75,2023,avg,False,paper,46.156,51.362553,5.361,6.4428525,50.395,52.048588,4.557,4.8354545,-4.073,-2.2722764,0.0,-0.44410336,14.712,13.430763
208,ETTm2,Autoformer,dishts,96,336,0.75,2023,avg,False,paper,48.25,50.847115,5.78,6.327401,51.521,51.899178,4.664,4.727672,-2.857,-2.2657893,0.0,-0.45992666,14.7115,13.200777
209,ETTm2,Autoformer,dishts,96,336,0.75,2023,avg,False,paper,47.748,50.357845,5.277,6.154969,50.958,51.674374,4.209,4.5899725,-2.857,-2.257363,0.0,-0.48357105,14.712,12.869525
210,ETTm2,Autoformer,dishts,96,336,0.75,2023,avg,False,paper,48.837,49.92627,5.864,5.95079,51.119,51.375294,4.477,4.4427996,-2.857,-2.258127,0.0,-0.49944556,14.4925,12.5366955
211,ETTm2,Autoformer,dishts,96,336,0.75,2023,avg,False,paper,46.743,49.49806,5.11,5.750126,50.663,51.062645,4.235,4.304159,-2.857,-2.2680688,0.0,-0.4941461,14.712,12.276535
212,ETTm2,Autoformer,dishts,96,336,0.75,2023,avg,False,paper,47.078,49.025864,5.026,5.5348687,50.18,50.751076,4.021,4.1694374,-2.857,-2.2872493,0.0,-0.4693085,14.712,12.069635
213,ETTm2,Autoformer,dishts,96,336,0.75,2023,avg,False,paper,47.161,48.611015,4.775,5.333294,50.207,50.4966,3.833,4.055078,-2.857,-2.3014548,0.0,-0.4434716,14.712,11.894566
214,ETTm2,Autoformer,dishts,96,336,0.75,2023,avg,False,paper,47.999,48.372665,5.361,5.220999,51.145,50.381393,4.369,3.988268,-2.857,-2.302978,0.0,-0.43337828,14.4925,11.756918
215,ETTm2,Autoformer,dishts,96,336,0.75,2023,avg,False,paper,48.753,48.2587,5.612,5.1890087,51.038,50.34517,4.155,3.9470754,-2.857,-2.311358,0.0,-0.43636346,14.2725,11.6271715
216,ETTm2,Autoformer,dishts,96,336,0.75,2023,avg,False,paper,48.502,48.33445,5.361,5.239955,50.985,50.282616,3.967,3.936111,-2.857,-2.3223264,0.0,-0.44495803,14.0525,11.485773
217,ETTm2,Autoformer,dishts,96,336,0.75,2023,avg,False,paper,49.423,48.655155,5.78,5.372941,52.003,50.15157,4.289,3.9822495,-2.505,-2.3172178,0.0,-0.44939798,13.6135,11.372641
218,ETTm2,Autoformer,dishts,96,336,0.75,2023,avg,False,paper,48.669,48.8463,5.11,5.438611,51.547,49.983006,3.619,4.0180283,-2.505,-2.3000515,0.0,-0.43535233,12.954,11.277218
219,ETTm2,Autoformer,dishts,96,336,0.75,2023,avg,False,paper,51.182,48.793236,5.864,5.421247,52.486,49.811783,3.538,4.0106597,0.0,-2.272174,0.0,-0.41227496,12.5145,11.13298
220,ETTm2,Autoformer,dishts,96,336,0.75,2023,avg,False,paper,51.936,48.776596,5.78,5.448067,52.861,49.61061,3.592,4.022523,0.0,-2.2346966,0.0,-0.4016,12.295,10.9472
221,ETTm2,Autoformer,dishts,96,336,0.75,2023,avg,False,paper,52.271,48.86346,5.696,5.563258,53.236,49.44296,3.485,4.073219,0.0,-2.2123675,0.0,-0.4103847,11.636,10.773321
222,ETTm2,Autoformer,dishts,96,336,0.75,2023,avg,False,paper,47.161,48.8984,0.0,5.7022905,50.395,49.375336,1.876,4.125313,-2.484,-2.2164984,0.0,-0.4315043,10.9765,10.590718
223,ETTm2,Autoformer,dishts,96,336,0.75,2023,avg,False,paper,51.852,48.82375,4.942,5.8017073,53.853,49.36197,3.217,4.157103,-1.258,-2.22472,0.0,-0.45490706,10.537,10.37402
224,ETTm2,Autoformer,dishts,96,336,0.75,2023,avg,False,paper,54.03,48.52997,6.199,5.7995243,55.568,49.248077,4.209,4.1337256,0.0,-2.2325544,0.0,-0.47464848,10.098,10.158405
225,ETTm2,Autoformer,dishts,96,336,0.75,2023,avg,False,paper,52.523,47.879345,5.612,5.610621,54.496,48.96145,3.646,4.0026045,-1.333,-2.2458718,0.0,-0.4828061,9.658,9.952688
226,ETTm2,Autoformer,dishts,96,336,0.75,2023,avg,False,paper,50.512,47.069424,4.356,5.294041,52.754,48.59105,2.761,3.7935133,-2.655,-2.249039,0.0,-0.4787361,9.4385,9.727789
227,ETTm2,Autoformer,dishts,96,336,0.75,2023,avg,False,paper,48.837,46.552128,0.0,5.0796986,52.62,48.328754,1.957,3.6347673,-2.655,-2.223782,0.0,-0.474334,8.999,9.510539
228,ETTm2,Autoformer,dishts,96,336,0.75,2023,avg,False,paper,50.093,46.498592,0.0,5.0841036,52.593,48.266148,2.037,3.6012435,-2.665,-2.1910074,0.0,-0.47978854,8.7795,9.374099
229,ETTm2,Autoformer,dishts,96,336,0.75,2023,avg,False,paper,52.104,46.733913,4.105,5.2081356,53.102,48.3045,1.903,3.6521025,0.0,-2.1826591,0.0,-0.49078983,8.3395,9.306693
230,ETTm2,Autoformer,dishts,96,336,0.75,2023,avg,False,paper,52.69,46.99323,4.523,5.3059635,53.343,48.286167,2.091,3.703465,0.0,-2.1934125,0.0,-0.49422312,8.3395,9.206505
231,ETTm2,Autoformer,dishts,96,336,0.75,2023,avg,False,paper,53.109,46.966156,4.523,5.2722683,53.183,48.145844,2.118,3.6873336,0.0,-2.2099345,0.0,-0.4800141,8.12,9.0289
232,ETTm2,Autoformer,dishts,96,336,0.75,2023,avg,False,paper,54.449,46.489887,5.11,5.0545278,54.067,47.922016,2.252,3.5751555,0.0,-2.2320812,0.0,-0.45315248,8.12,8.815056
233,ETTm2,Autoformer,dishts,96,336,0.75,2023,avg,False,paper,53.695,45.808544,4.942,4.7381754,54.094,47.66771,2.413,3.411454,0.0,-2.2566936,0.0,-0.42853975,7.6805,8.608769
234,ETTm2,Autoformer,dishts,96,336,0.75,2023,avg,False,paper,55.622,45.405964,6.618,4.539433,54.898,47.465736,3.458,3.3134959,0.0,-2.279429,0.0,-0.41584933,7.6805,8.430853
235,ETTm2,Autoformer,dishts,96,336,0.75,2023,avg,False,paper,52.271,45.574757,4.859,4.6096187,53.424,47.407658,2.868,3.3713577,-1.247,-2.3090625,0.0,-0.41586232,7.6805,8.306616
236,ETTm2,Autoformer,dishts,96,336,0.75,2023,avg,False,paper,52.774,46.194965,5.11,4.9186497,52.888,47.536217,2.52,3.562114,0.0,-2.3505967,0.0,-0.4209845,7.6805,8.304321
237,ETTm2,Autoformer,dishts,96,336,0.75,2023,avg,False,paper,49.507,46.581207,0.0,5.1517997,49.805,47.69326,1.448,3.6921945,0.0,-2.3954856,0.0,-0.41512096,7.461,8.394998
238,ETTm2,Autoformer,dishts,96,336,0.75,2023,avg,False,paper,52.941,46.510033,5.948,5.154718,52.754,47.718105,3.083,3.6877367,0.0,-2.4383447,0.0,-0.40184397,7.241,8.412034
239,ETTm2,Autoformer,dishts,96,336,0.75,2023,avg,False,paper,50.177,46.454414,4.105,5.1291265,50.582,47.643143,2.118,3.6768649,0.0,-2.457702,0.0,-0.4006176,7.241,8.359343
240,ETTm2,Autoformer,dishts,96,336,0.75,2023,avg,False,paper,49.674,46.292336,4.356,5.0638947,49.323,47.483097,1.85,3.656318,0.0,-2.4397528,0.0,-0.4151855,7.241,8.266836
241,ETTm2,Autoformer,dishts,96,336,0.75,2023,avg,False,paper,46.91,45.73568,0.0,4.852034,48.224,47.26837,2.144,3.5610585,-1.247,-2.4142895,0.0,-0.43208337,7.0215,8.110168
242,ETTm2,Autoformer,dishts,96,336,0.75,2023,avg,False,paper,47.078,45.370068,0.0,4.689546,46.562,47.121815,1.635,3.4925027,0.0,-2.416848,0.0,-0.4534676,6.8015,7.941121
243,ETTm2,Autoformer,dishts,96,336,0.75,2023,avg,False,paper,47.413,45.45661,0.0,4.6701126,46.776,47.068813,1.421,3.4990606,0.0,-2.4567468,0.0,-0.48150146,6.582,7.8458776
244,ETTm2,Autoformer,dishts,96,336,0.75,2023,avg,False,paper,45.737,45.46684,0.0,4.6091976,45.891,47.0099,1.394,3.4753187,0.0,-2.519668,0.0,-0.5045236,6.3625,7.8384514
245,ETTm2,Autoformer,dishts,96,336,0.75,2023,avg,False,paper,49.591,45.186707,5.612,4.423144,49.215,46.896744,3.27,3.386131,0.0,-2.5723114,0.0,-0.51698023,6.1425,7.8437757
246,ETTm2,Autoformer,dishts,96,336,0.75,2023,avg,False,paper,47.161,44.95449,4.607,4.25873,47.634,46.807304,2.841,3.3195105,0.0,-2.5850694,0.0,-0.52362686,6.1425,7.8264794
247,ETTm2,Autoformer,dishts,96,336,0.75,2023,avg,False,paper,45.821,44.84331,0.0,4.175773,45.141,46.794556,1.689,3.3098102,0.0,-2.5809567,0.0,-0.5225195,5.923,7.794055
248,ETTm2,Autoformer,dishts,96,336,0.75,2023,avg,False,paper,46.072,44.85947,0.0,4.174493,45.623,46.849155,1.635,3.361935,0.0,-2.596969,0.0,-0.51207024,5.7035,7.770112
249,ETTm2,Autoformer,dishts,96,336,0.75,2023,avg,False,paper,44.062,45.31503,0.0,4.352171,43.961,46.996876,1.716,3.5311732,0.0,-2.6386242,0.0,-0.49656272,5.2635,7.8346252
250,ETTm2,Autoformer,dishts,96,336,0.75,2023,avg,False,paper,46.407,46.108105,4.775,4.664201,46.535,47.26638,2.761,3.7596827,0.0,-2.6766472,0.0,-0.47199523,5.044,8.023313
251,ETTm2,Autoformer,dishts,96,336,0.75,2023,avg,False,paper,44.983,46.267136,4.44,4.760782,45.972,47.41681,2.681,3.8154235,0.0,-2.7042007,0.0,-0.43960214,4.8245,8.166766
252,ETTm2,Autoformer,dishts,96,336,0.75,2023,avg,False,paper,45.905,45.848824,4.607,4.60821,46.508,47.357983,2.895,3.7127616,0.0,-2.7344754,0.0,-0.417354,4.6045,8.181012
253,ETTm2,Autoformer,dishts,96,336,0.75,2023,avg,False,paper,44.313,45.542595,4.44,4.439026,46.267,47.31757,3.243,3.5958505,-1.866,-2.744279,0.0,-0.4130444,4.3845,8.130562
254,ETTm2,Autoformer,dishts,96,336,0.75,2023,avg,False,paper,44.397,45.376373,0.0,4.2751713,45.543,47.306374,2.627,3.4993958,0.0,-2.7537243,0.0,-0.41237605,4.165,8.028517
255,ETTm2,Autoformer,dishts,96,336,0.75,2023,avg,False,paper,41.549,45.235435,0.0,4.1035614,43.667,47.314766,2.305,3.413665,-2.218,-2.7497165,0.0,-0.41296637,3.9455,7.9562635
256,ETTm2,Autoformer,dishts,96,336,0.75,2023,avg,False,paper,42.303,45.206234,0.0,3.975775,43.961,47.25196,2.573,3.385853,-1.333,-2.7260838,0.0,-0.4137866,3.7255,7.982662
257,ETTm2,Autoformer,dishts,96,336,0.75,2023,avg,False,paper,43.057,45.379444,0.0,3.9076352,43.318,47.254536,1.876,3.3932588,0.0,-2.6973705,0.0,-0.4206329,3.5055,8.166163
258,ETTm2,Autoformer,dishts,96,336,0.75,2023,avg,False,paper,42.052,45.71575,0.0,3.9031053,42.996,47.463104,2.252,3.425364,0.0,-2.717225,0.0,-0.4372651,3.286,8.397581
259,ETTm2,Autoformer,dishts,96,336,0.75,2023,avg,False,paper,40.795,45.953682,0.0,3.8879251,42.836,47.79525,1.984,3.412678,-1.269,-2.7311952,0.0,-0.46376216,3.0665,8.628008
260,ETTm2,Autoformer,dishts,96,336,0.75,2023,avg,False,paper,42.052,45.953598,0.0,3.8287144,42.594,48.090973,1.984,3.3755372,0.0,-2.7175112,0.0,-0.4792943,3.0665,8.842551
261,ETTm2,Autoformer,dishts,96,336,0.75,2023,avg,False,paper,39.287,45.686504,0.0,3.7345738,41.388,48.29112,1.742,3.3061607,-1.269,-2.6742804,0.0,-0.47420806,2.627,9.066132
262,ETTm2,Autoformer,dishts,96,336,0.75,2023,avg,False,paper,39.036,45.56623,0.0,3.7576253,41.871,48.634956,1.876,3.303564,-2.452,-2.697565,0.0,-0.46919566,2.627,9.3690605
263,ETTm2,Autoformer,dishts,96,336,0.75,2023,avg,False,paper,36.607,47.82001,0.0,4.6453123,39.056,49.85657,0.0,3.7878823,-2.452,-2.8112857,0.0,-0.50033975,2.627,10.013651
264,ETTm2,Autoformer,dishts,96,336,0.75,2023,avg,False,paper,37.025,49.67987,0.0,5.2715664,38.708,50.753372,0.0,4.185456,-2.452,-2.8547826,0.0,-0.4942075,2.1875,10.334173
265,ETTm2,Autoformer,dishts,96,336,0.75,2023,avg,False,paper,37.361,50.236977,0.0,5.427217,39.297,51.193085,0.0,4.3915577,-1.525,-2.8385732,0.0,-0.46592808,2.1875,10.633186
266,ETTm2,Autoformer,dishts,96,336,0.75,2023,avg,False,paper,37.612,51.035126,0.0,5.7342005,38.949,51.627792,0.0,4.567404,-1.365,-2.8759012,0.0,-0.45260757,2.1875,11.212379
267,ETTm2,Autoformer,dishts,96,336,0.75,2023,avg,False,paper,42.638,52.479305,0.0,6.376793,44.149,52.3003,2.439,4.894532,-1.429,-2.8543074,0.0,-0.4459476,1.7485,11.976751
268,ETTm2,Autoformer,dishts,96,336,0.75,2023,avg,False,paper,40.795,52.636665,0.0,6.5355525,43.318,52.61126,2.868,4.949759,-2.516,-2.8145,0.0,-0.45250547,1.7485,12.7684765
269,ETTm2,Autoformer,dishts,96,336,0.75,2023,avg,False,paper,41.716,53.16745,0.0,6.6212225,43.157,53.084732,2.225,5.147085,-2.516,-2.842655,0.0,-0.48894262,1.3085,13.1658535
270,ETTm2,Autoformer,dishts,96,336,0.75,2023,avg,False,paper,40.125,53.044586,0.0,6.384904,41.79,53.098732,0.0,5.1124444,-1.375,-2.9981852,0.0,-0.5300735,1.3085,13.481252
271,ETTm2,Autoformer,dishts,96,336,0.75,2023,avg,False,paper,39.538,53.26075,0.0,6.19563,41.174,53.1917,0.0,5.085484,-1.375,-3.1446836,0.0,-0.5393759,1.3085,13.670446
272,ETTm2,Autoformer,dishts,96,336,0.75,2023,avg,False,paper,43.224,52.98719,0.0,5.881468,44.39,53.160686,2.493,4.967267,-1.45,-3.2233865,0.0,-0.5322657,1.3085,13.887777
273,ETTm2,Autoformer,dishts,96,336,0.75,2023,avg,False,paper,40.963,53.299755,0.0,5.8085957,43.801,53.45035,2.439,5.0291543,-1.834,-3.2370217,-1.226,-0.5453832,0.8695,14.200613
274,ETTm2,Autoformer,dishts,96,336,0.75,2023,avg,False,paper,42.303,54.056026,0.0,6.0859623,44.873,53.951786,2.681,5.2374334,-3.102,-3.2523453,0.0,-0.57000905,0.8695,14.658024
275,ETTm2,Autoformer,dishts,96,336,0.75,2023,avg,False,paper,41.716,54.474255,0.0,6.1829567,44.229,54.357525,1.716,5.2988515,-3.102,-3.3036096,0.0,-0.57115364,0.8695,14.9046755
276,ETTm2,Autoformer,dishts,96,336,0.75,2023,avg,False,paper,43.224,54.580753,0.0,6.2133627,45.57,54.790012,2.01,5.304515,-1.834,-3.335164,0.0,-0.5519212,0.6495,15.268706
277,ETTm2,Autoformer,dishts,96,336,0.75,2023,avg,False,paper,36.355,55.204887,5.445,6.359249,38.842,55.201702,5.254,5.4614296,-3.124,-3.3638086,0.0,-0.5349272,0.4295,15.453041
278,ETTm2,Autoformer,dishts,96,336,0.75,2023,avg,False,paper,22.534,55.48377,0.0,6.4519577,25.519,55.55203,2.413,5.58366,-1.855,-3.469522,0.0,-0.5237661,0.4295,15.708085
279,ETTm2,Autoformer,dishts,96,336,0.75,2023,avg,False,paper,22.366,54.87925,0.0,6.3483334,25.465,55.58954,2.681,5.512788,-3.23,-3.4895854,-1.247,-0.4941907,0.4295,16.040464
280,ETTm2,Autoformer,dishts,96,336,0.75,2023,avg,False,paper,26.052,54.551395,4.523,6.3624983,29.915,55.386677,5.308,5.4334903,-3.23,-3.4155307,-1.247,-0.47578686,0.4295,16.126562
281,ETTm2,Autoformer,dishts,96,336,0.75,2023,avg,False,paper,25.633,54.83032,4.44,6.7240715,30.13,55.992985,5.308,5.3836584,-3.23,-3.5225446,-1.29,-0.47239912,0.8695,16.545403
282,ETTm2,Autoformer,dishts,96,336,0.75,2023,avg,False,paper,25.968,55.76035,4.775,7.3332057,30.049,56.959805,5.736,5.600053,-3.23,-3.583987,-1.29,-0.48609167,1.3085,16.938955
283,ETTm2,Autoformer,dishts,96,336,0.75,2023,avg,False,paper,25.465,56.270554,4.775,7.692914,29.835,57.42936,5.87,5.7319355,-3.23,-3.5821056,-1.258,-0.4866439,1.7485,17.059778
284,ETTm2,Autoformer,dishts,96,336,0.75,2023,avg,False,paper,24.544,56.913082,4.523,8.026194,28.253,57.73579,5.2,5.923855,-3.23,-3.552051,-1.386,-0.5058382,2.4075,17.218136
285,ETTm2,Autoformer,dishts,96,336,0.75,2023,avg,False,paper,27.141,57.66864,5.612,8.2038145,30.827,57.530174,6.273,6.130725,-3.23,-3.514154,-1.29,-0.52941495,3.0665,17.192142
286,ETTm2,Autoformer,dishts,96,336,0.75,2023,avg,False,paper,25.214,58.41631,4.105,8.297613,29.674,57.357952,5.147,6.263085,-3.23,-3.4895916,-1.311,-0.5700555,4.165,17.10231
287,ETTm2,Autoformer,dishts,96,336,0.75,2023,avg,False,paper,22.869,58.64068,0.0,8.484552,26.243,57.442142,3.726,6.336922,-3.23,-3.4267845,-1.215,-0.581197,4.824,17.01817
288,ETTm2,Autoformer,dishts,96,336,0.75,2023,avg,False,paper,22.366,59.18734,0.0,8.837418,26.136,57.559437,3.351,6.4948573,-3.23,-3.3434534,-1.215,-0.61321795,5.4835,17.1282
289,ETTm2,Autoformer,dishts,96,336,0.75,2023,avg,False,paper,22.282,60.28431,0.0,9.191293,26.082,57.70826,2.975,6.799038,-3.23,-3.2355013,-1.226,-0.68458843,6.3625,17.562275
290,ETTm2,Autoformer,dishts,96,336,0.75,2023,avg,False,paper,22.952,59.60387,0.0,8.701241,26.216,56.72948,3.056,6.6815615,-3.23,-3.0417414,-1.237,-0.6817275,7.241,17.137857
291,ETTm2,Autoformer,dishts,96,336,0.75,2023,avg,False,paper,23.036,56.304337,0.0,7.3074384,26.377,55.686,2.547,5.882137,-3.23,-2.960084,-1.226,-0.6059539,8.12,16.426115
292,ETTm2,Autoformer,dishts,96,336,0.75,2023,avg,False,paper,34.931,54.945683,0.0,6.7676525,38.279,55.286907,0.0,5.556012,-3.23,-2.9509563,0.0,-0.5701887,8.999,15.951357
293,ETTm2,Autoformer,dishts,96,336,0.75,2023,avg,False,paper,44.983,54.8639,0.0,6.7974524,48.277,55.02162,1.421,5.5347614,-2.985,-2.926983,0.0,-0.56132334,10.0975,15.646164
294,ETTm2,Autoformer,dishts,96,336,0.75,2023,avg,False,paper,44.397,54.766266,0.0,6.865877,47.607,54.994232,2.064,5.4656973,-2.985,-2.8684738,0.0,-0.53967786,10.757,15.294113
295,ETTm2,Autoformer,dishts,96,336,0.75,2023,avg,False,paper,45.235,54.020756,0.0,6.8621945,49.376,54.561203,3.378,5.2171273,-2.985,-2.6611881,-1.237,-0.5155435,11.6355,15.175632
296,ETTm2,Autoformer,dishts,96,336,0.75,2023,avg,False,paper,47.161,54.469685,4.188,7.23481,51.199,54.494415,3.699,5.2554483,-2.985,-2.4052534,-1.407,-0.48535925,12.295,15.120253
297,ETTm2,Autoformer,dishts,96,336,0.75,2023,avg,False,paper,48.083,53.852066,5.11,7.13094,52.03,54.288216,4.369,5.0748124,-4.211,-2.291486,0.0,-0.46188432,12.7345,14.88793
298,ETTm2,Autoformer,dishts,96,336,0.75,2023,avg,False,paper,49.926,52.592266,6.199,6.6038074,52.084,53.779892,4.932,4.7655425,-1.663,-2.3226726,0.0,-0.45306462,12.9545,14.34174
299,ETTm2,Autoformer,dishts,96,336,0.75,2023,avg,False,paper,48.418,52.403847,6.031,6.4644156,51.574,53.481777,4.986,4.758924,-3.06,-2.4084198,0.0,-0.45758176,13.174,14.075873
300,ETTm2,Autoformer,dishts,96,336,0.75,2023,avg,False,paper,47.999,52.473225,5.864,6.4837074,51.976,53.502823,5.093,4.835023,-3.06,-2.455912,0.0,-0.45566756,13.6135,14.055504
301,ETTm2,Autoformer,dishts,96,336,0.75,2023,avg,False,paper,47.413,51.81133,5.948,6.292059,51.333,53.3015,5.039,4.666747,-3.06,-2.4463506,0.0,-0.444826,14.492,13.6761055
302,ETTm2,Autoformer,dishts,96,336,0.75,2023,avg,False,paper,46.826,51.535374,5.361,6.212504,50.716,53.21594,4.584,4.5450244,-3.06,-2.4531639,0.0,-0.4647776,15.1515,13.478221
303,ETTm2,Autoformer,dishts,96,336,0.75,2023,avg,False,paper,47.413,53.696224,6.031,7.0777845,51.038,53.962925,5.308,5.0136566,-3.06,-2.407808,0.0,-0.5230649,15.591,13.751314
304,ETTm2,Autoformer,dishts,96,336,0.75,2023,avg,False,paper,47.999,53.958202,6.199,7.2685304,51.44,53.912693,5.334,5.085621,-3.06,-2.3818338,0.0,-0.56151474,16.25,13.684837
305,ETTm2,Autoformer,dishts,96,336,0.75,2023,avg,False,paper,47.078,53.065662,6.031,6.994847,51.226,53.5634,5.308,4.943679,-3.06,-2.4324496,-1.237,-0.5580243,16.25,13.408558
306,ETTm2,Autoformer,dishts,96,336,0.75,2023,avg,False,paper,47.915,51.109394,6.115,6.3415985,51.708,52.9216,5.495,4.600197,-3.06,-2.436638,0.0,-0.50423986,16.25,13.046598
307,ETTm2,Autoformer,dishts,96,336,0.75,2023,avg,False,paper,47.078,50.78164,5.864,6.200256,51.226,52.61147,5.147,4.6030626,-3.06,-2.350681,-1.247,-0.51412153,16.0305,12.876167
308,ETTm2,Autoformer,dishts,96,336,0.75,2023,avg,False,paper,46.659,51.084923,5.612,6.303878,50.154,52.513428,4.53,4.6738663,-3.06,-2.277453,0.0,-0.5462456,16.0305,12.707108
309,ETTm2,Autoformer,dishts,96,336,0.75,2023,avg,False,paper,46.743,51.603928,5.529,6.5505304,50.314,52.494453,4.691,4.734315,-3.06,-2.2559674,0.0,-0.5558095,16.0305,12.464318
310,ETTm2,Autoformer,dishts,96,336,0.75,2023,avg,False,paper,42.303,51.747017,0.0,6.6374984,46.454,52.374317,3.27,4.694536,-4.392,-2.233582,-1.247,-0.53604823,15.591,12.181115
311,ETTm2,Autoformer,dishts,96,336,0.75,2023,avg,False,paper,46.994,50.70952,5.194,6.2781696,50.448,51.917297,4.343,4.4360294,-4.392,-2.240027,0.0,-0.49089414,15.371,11.716836
312,ETTm2,Autoformer,dishts,96,336,0.75,2023,avg,False,paper,48.25,49.543594,5.696,5.854944,50.556,51.61873,4.343,4.149537,-1.706,-2.2863207,0.0,-0.44251096,14.932,11.434321
313,ETTm2,Autoformer,dishts,96,336,0.75,2023,avg,False,paper,47.58,50.868397,5.194,6.3135066,50.448,52.474285,4.316,4.4203467,-2.665,-2.3413148,0.0,-0.45079023,14.492,11.916484
314,ETTm2,Autoformer,dishts,96,336,0.75,2023,avg,False,paper,48.669,51.96501,5.696,6.695751,51.038,53.133686,4.343,4.7094254,-2.665,-2.320329,0.0,-0.46889,14.053,12.142856
315,ETTm2,Autoformer,dishts,96,336,0.75,2023,avg,False,paper,48.083,51.60513,5.026,6.4045258,50.985,52.751625,3.94,4.6326675,-2.495,-2.2365625,0.0,-0.4721151,13.3935,11.993205
316,ETTm2,Autoformer,dishts,96,336,0.75,2023,avg,False,paper,47.748,52.32267,4.691,6.5396037,50.341,52.902885,3.485,4.767634,-2.495,-2.2251034,0.0,-0.5026763,12.954,11.975238
317,ETTm2,Autoformer,dishts,96,336,0.75,2023,avg,False,paper,47.664,53.67388,4.523,6.888826,50.743,53.424236,3.592,5.0285263,-2.495,-2.238841,0.0,-0.56843185,12.5145,12.134589
318,ETTm2,Autoformer,dishts,96,336,0.75,2023,avg,False,paper,48.167,53.43285,4.607,6.7820587,51.36,53.467327,3.753,5.038327,-2.495,-2.2704258,0.0,-0.55493927,12.2945,12.642689
319,ETTm2,Autoformer,dishts,96,336,0.75,2023,avg,False,paper,45.737,52.72434,0.0,6.3421907,48.143,53.022594,1.93,4.884876,-2.495,-2.3589356,0.0,-0.5338914,11.8555,12.698837
320,ETTm2,Autoformer,dishts,96,336,0.75,2023,avg,False,paper,44.146,52.065445,0.0,5.7542095,47.125,52.41316,1.85,4.6808577,-2.495,-2.5280745,0.0,-0.53093666,11.1965,12.27223
321,ETTm2,Autoformer,dishts,96,336,0.75,2023,avg,False,paper,46.91,51.918503,0.0,5.440753,48.25,51.786488,1.742,4.6516147,-1.333,-2.68696,0.0,-0.54371536,10.757,11.7778845
322,ETTm2,Autoformer,dishts,96,336,0.75,2023,avg,False,paper,47.329,52.108078,0.0,5.517095,48.652,51.178745,1.769,4.7693677,0.0,-2.7820206,0.0,-0.5519365,10.3175,11.59197
323,ETTm2,Autoformer,dishts,96,336,0.75,2023,avg,False,paper,43.476,51.92316,0.0,5.5949764,46.025,50.644066,0.0,4.771594,-1.279,-2.823891,0.0,-0.55291855,9.878,11.538024
324,ETTm2,Autoformer,dishts,96,336,0.75,2023,avg,False,paper,44.648,51.77402,0.0,5.792968,46.294,50.199917,0.0,4.7941294,-1.269,-2.7994716,0.0,-0.535681,9.658,11.646945
325,ETTm2,Autoformer,dishts,96,336,0.75,2023,avg,False,paper,45.235,52.01553,0.0,6.062435,45.945,49.95046,0.0,4.8934493,0.0,-2.7438111,0.0,-0.5261308,9.219,11.793709
326,ETTm2,Autoformer,dishts,96,336,0.75,2023,avg,False,paper,46.659,51.328175,0.0,5.7668414,47.285,49.548138,0.0,4.743346,0.0,-2.7133784,0.0,-0.5123683,8.999,11.621944
327,ETTm2,Autoformer,dishts,96,336,0.75,2023,avg,False,paper,47.413,49.59092,0.0,4.954093,47.929,49.097862,0.0,4.373966,0.0,-2.7442718,0.0,-0.5215551,8.5595,11.00264
328,ETTm2,Autoformer,dishts,96,336,0.75,2023,avg,False,paper,48.753,48.025143,0.0,4.380468,50.073,48.414318,1.34,4.054074,0.0,-2.7792869,0.0,-0.4912486,8.34,10.265791
329,ETTm2,Autoformer,dishts,96,336,0.75,2023,avg,False,paper,49.423,49.22178,0.0,4.9305277,50.234,48.647953,0.0,4.2752934,0.0,-2.8463748,0.0,-0.4564981,8.12,9.939046
330,ETTm2,Autoformer,dishts,96,336,0.75,2023,avg,False,paper,48.083,51.05047,0.0,5.669835,48.76,49.34728,0.0,4.5476236,0.0,-2.9182951,0.0,-0.46307528,7.6805,9.643327
331,ETTm2,Autoformer,dishts,96,336,0.75,2023,avg,False,paper,49.758,52.575706,0.0,6.412451,50.556,49.907337,1.582,4.8280926,0.0,-2.9168756,0.0,-0.46982747,7.6805,9.300399
332,ETTm2,Autoformer,dishts,96,336,0.75,2023,avg,False,paper,49.339,53.22107,0.0,6.7902164,50.1,50.149925,1.984,4.9554424,0.0,-2.9597018,0.0,-0.47973007,7.241,8.968195
333,ETTm2,Autoformer,dishts,96,336,0.75,2023,avg,False,paper,49.339,53.68493,0.0,6.862383,50.448,50.403454,1.742,5.0306206,0.0,-3.061609,0.0,-0.5073905,7.0215,8.927166
334,ETTm2,Autoformer,dishts,96,336,0.75,2023,avg,False,paper,50.68,53.77353,4.105,6.666156,50.422,50.395542,1.769,5.035099,0.0,-3.130606,0.0,-0.5233589,6.8015,8.960727
335,ETTm2,Autoformer,dishts,96,336,0.75,2023,avg,False,paper,48.92,53.407005,0.0,6.265213,49.055,49.8904,1.635,4.9677253,0.0,-3.1299565,0.0,-0.5448265,6.582,8.683306
336,ETTm2,Autoformer,dishts,96,336,0.75,2023,avg,False,paper,44.146,53.44356,0.0,6.0146995,45.221,49.61262,0.0,4.9172406,0.0,-3.166444,0.0,-0.5696993,6.3625,8.546255
337,ETTm2,Autoformer,dishts,96,336,0.75,2023,avg,False,paper,42.638,52.846725,0.0,5.674015,44.095,49.257935,0.0,4.750788,-1.269,-3.3037863,0.0,-0.57200634,6.1425,8.362628
338,ETTm2,Autoformer,dishts,96,336,0.75,2023,avg,False,paper,50.68,52.33742,4.523,5.531842,51.413,49.083164,2.815,4.6554403,0.0,-3.433908,0.0,-0.57668674,5.923,8.461946
339,ETTm2,Autoformer,dishts,96,336,0.75,2023,avg,False,paper,48.753,52.60543,4.44,5.6621923,50.314,48.91147,2.922,4.6897664,-1.215,-3.531938,0.0,-0.57683563,5.7035,8.516089
340,ETTm2,Autoformer,dishts,96,336,0.75,2023,avg,False,paper,48.837,52.237514,4.272,5.413976,49.242,48.478733,2.332,4.5689406,0.0,-3.6111357,0.0,-0.5685771,5.7035,8.078922
341,ETTm2,Autoformer,dishts,96,336,0.75,2023,avg,False,paper,47.748,51.67955,4.44,5.1560707,48.17,48.125854,2.654,4.42346,0.0,-3.6706583,0.0,-0.5656453,5.4835,7.747311
342,ETTm2,Autoformer,dishts,96,336,0.75,2023,avg,False,paper,45.151,51.159153,0.0,5.006798,47.098,47.886486,2.547,4.265866,-1.29,-3.709027,0.0,-0.5647772,5.2635,7.6178255
343,ETTm2,Autoformer,dishts,96,336,0.75,2023,avg,False,paper,46.407,50.420322,0.0,4.9188747,47.821,47.944225,2.198,4.0481606,-1.375,-3.6124604,0.0,-0.55416995,5.2635,7.422412
344,ETTm2,Autoformer,dishts,96,336,0.75,2023,avg,False,paper,43.978,49.738976,0.0,4.9352093,45.248,48.020706,1.93,3.8510816,0.0,-3.4019244,0.0,-0.58125347,5.044,7.3235765
345,ETTm2,Autoformer,dishts,96,336,0.75,2023,avg,False,paper,41.884,50.83998,0.0,5.6337433,43.264,48.545876,0.0,4.086831,-1.29,-3.2663183,0.0,-0.59332484,4.8245,7.4278183
346,ETTm2,Autoformer,dishts,96,336,0.75,2023,avg,False,paper,44.062,50.594044,0.0,5.5832434,45.275,48.579308,1.742,3.9764702,-1.375,-3.174661,0.0,-0.5526811,4.8245,7.346159
347,ETTm2,Autoformer,dishts,96,336,0.75,2023,avg,False,paper,42.219,50.814342,0.0,5.8051395,44.095,49.13147,2.01,4.0308466,-1.386,-3.180265,0.0,-0.5049495,4.8245,7.4123545
348,ETTm2,Autoformer,dishts,96,336,0.75,2023,avg,False,paper,42.554,51.464592,0.0,6.129098,44.712,50.01118,1.876,4.270271,-1.578,-3.1996157,0.0,-0.4978584,4.6045,7.738141
349,ETTm2,Autoformer,dishts,96,336,0.75,2023,avg,False,paper,42.722,51.302273,0.0,6.026843,44.149,50.048183,2.252,4.3222017,-1.247,-3.1814892,0.0,-0.47775912,4.3845,7.828533
350,ETTm2,Autoformer,dishts,96,336,0.75,2023,avg,False,paper,40.46,50.637768,0.0,5.712179,41.415,49.678684,0.0,4.1724033,0.0,-3.1379118,0.0,-0.4492358,4.3845,7.850566
351,ETTm2,Autoformer,dishts,96,336,0.75,2023,avg,False,paper,42.387,50.72137,0.0,5.659781,44.042,49.676853,2.225,4.159135,-1.386,-3.1337776,0.0,-0.448556,4.3845,8.180917
352,ETTm2,Autoformer,dishts,96,336,0.75,2023,avg,False,paper,43.224,51.082832,0.0,5.854124,43.908,50.005604,2.466,4.2691717,0.0,-3.1786556,0.0,-0.45289934,4.165,8.841243
353,ETTm2,Autoformer,dishts,96,336,0.75,2023,avg,False,paper,39.622,51.921314,0.0,6.1693964,41.656,50.1735,1.313,4.5369563,-1.247,-3.1361697,0.0,-0.478746,3.9455,9.412455
354,ETTm2,Autoformer,dishts,96,336,0.75,2023,avg,False,paper,41.465,52.412594,0.0,6.139662,43.318,49.850475,1.608,4.613263,-1.375,-3.0150447,0.0,-0.49577707,3.9455,9.028925
355,ETTm2,Autoformer,dishts,96,336,0.75,2023,avg,False,paper,39.79,50.0878,0.0,5.3172884,41.978,49.7734,1.421,4.182316,-1.322,-3.066236,0.0,-0.45340073,3.5055,9.250379
356,ETTm2,Autoformer,dishts,96,336,0.75,2023,avg,False,paper,39.957,49.23336,0.0,4.8405337,42.702,49.560043,1.823,4.0208054,-4.115,-3.0898006,0.0,-0.4634133,3.5055,9.623928
357,ETTm2,Autoformer,dishts,96,336,0.75,2023,avg,False,paper,41.298,48.750095,0.0,4.450999,42.943,49.3012,2.144,3.9012182,-2.889,-3.1034412,0.0,-0.46379596,3.5055,9.963691
358,ETTm2,Autoformer,dishts,96,336,0.75,2023,avg,False,paper,40.46,49.1666,0.0,4.6310716,42.299,49.255486,1.528,4.038121,-1.653,-3.0384588,0.0,-0.46319985,3.286,10.38109
359,ETTm2,Autoformer,dishts,96,336,0.75,2023,avg,False,paper,40.963,48.752983,0.0,4.6152353,43.238,48.984188,1.769,4.0454187,-2.985,-2.9643238,0.0,-0.46176958,3.0665,10.808605
360,ETTm2,Autoformer,dishts,96,336,0.75,2023,avg,False,paper,38.449,48.366318,0.0,4.5574746,40.852,48.795425,1.823,4.037746,-1.759,-2.907257,0.0,-0.4659754,3.0665,11.208993
361,ETTm2,Autoformer,dishts,96,336,0.75,2023,avg,False,paper,40.711,48.509537,0.0,4.76498,43.023,48.951946,1.85,4.14701,-3.081,-2.841056,0.0,-0.47652704,2.8465,11.684788
362,ETTm2,Autoformer,dishts,96,336,0.75,2023,avg,False,paper,39.79,48.715073,0.0,5.057332,41.871,49.17694,0.0,4.2648325,-1.791,-2.720136,0.0,-0.48399937,2.627,12.025936
363,ETTm2,Autoformer,dishts,96,336,0.75,2023,avg,False,paper,40.125,48.76413,0.0,5.2900825,42.541,49.41292,0.0,4.311119,-1.951,-2.5908656,0.0,-0.4884336,2.627,12.241733
364,ETTm2,Autoformer,dishts,96,336,0.75,2023,avg,False,paper,37.277,48.584663,0.0,5.3703713,39.351,49.7413,0.0,4.269883,-2.079,-2.5022042,0.0,-0.48228157,2.627,12.368153
365,ETTm2,Autoformer,dishts,96,336,0.75,2023,avg,False,paper,37.361,48.40866,0.0,5.3724117,39.378,50.182747,0.0,4.2076077,-2.079,-2.4666233,0.0,-0.46479148,2.1875,12.515475
366,ETTm2,Autoformer,dishts,96,336,0.75,2023,avg,False,paper,36.439,48.820847,0.0,5.47328,37.501,50.621643,0.0,4.271509,0.0,-2.447034,0.0,-0.45925486,2.1875,12.709953
367,ETTm2,Autoformer,dishts,96,336,0.75,2023,avg,False,paper,37.444,49.550663,0.0,5.6221027,38.949,50.688633,0.0,4.4142957,-1.461,-2.4188418,0.0,-0.46343142,2.1875,12.758993
368,ETTm2,Autoformer,dishts,96,336,0.75,2023,avg,False,paper,29.57,49.441624,0.0,5.4220676,33.373,50.36698,-2.225,4.39911,-2.601,-2.4989336,-1.215,-0.4532771,2.1875,12.904053
369,ETTm2,Autoformer,dishts,96,336,0.75,2023,avg,False,paper,32.334,49.116142,0.0,5.1704664,33.829,50.182224,-2.144,4.357029,-1.269,-2.5788095,0.0,-0.43495238,2.1875,13.12618
370,ETTm2,Autoformer,dishts,96,336,0.75,2023,avg,False,paper,26.052,49.5753,0.0,5.2879868,27.422,50.362144,-3.672,4.4760246,-1.322,-2.5996375,0.0,-0.4327643,1.968,13.331826
371,ETTm2,Autoformer,dishts,96,336,0.75,2023,avg,False,paper,22.366,50.23972,-5.529,5.559037,26.055,50.696655,-4.637,4.653281,-3.07,-2.5706913,-1.461,-0.42829263,1.7485,13.525644
372,ETTm2,Autoformer,dishts,96,336,0.75,2023,avg,False,paper,23.036,50.16327,-5.11,5.5626516,25.305,50.822014,-4.852,4.675461,-1.812,-2.5326605,0.0,-0.40040183,1.7485,13.716432
373,ETTm2,Autoformer,dishts,96,336,0.75,2023,avg,False,paper,23.12,49.6899,-5.612,5.309169,25.305,50.73438,-5.2,4.579154,-1.812,-2.498071,0.0,-0.3685736,1.7485,13.854636
374,ETTm2,Autoformer,dishts,96,336,0.75,2023,avg,False,paper,22.199,49.284138,-5.78,5.001484,25.439,50.600452,-4.879,4.47069,-3.102,-2.4881635,-1.226,-0.35035074,1.7485,14.009438
375,ETTm2,Autoformer,dishts,96,336,0.75,2023,avg,False,paper,19.267,49.014828,-6.199,4.7850456,22.383,50.503586,-5.361,4.3956404,-3.102,-2.5045764,-1.226,-0.34699118,1.7485,14.214437
376,ETTm2,Autoformer,dishts,96,336,0.75,2023,avg,False,paper,20.356,48.980495,-5.612,4.760548,24.098,50.480766,-4.691,4.383807,-3.102,-2.513236,-1.311,-0.35805953,1.968,14.393324
377,ETTm2,Autoformer,dishts,96,336,0.75,2023,avg,False,paper,22.115,49.086098,-4.691,4.8535795,26.27,50.57873,-4.021,4.3991594,-3.102,-2.4925735,-1.247,-0.37805706,2.627,14.506036
378,ETTm2,Autoformer,dishts,96,336,0.75,2023,avg,False,paper,22.366,49.163807,-4.272,4.9399147,26.136,50.766335,-3.485,4.412179,-3.102,-2.455443,-1.226,-0.39725757,2.847,14.622955
379,ETTm2,Autoformer,dishts,96,336,0.75,2023,avg,False,paper,23.706,49.291393,0.0,5.023018,26.672,50.94334,-3.297,4.4433856,-3.102,-2.4275842,0.0,-0.41329968,3.5055,14.699294
380,ETTm2,Autoformer,dishts,96,336,0.75,2023,avg,False,paper,24.963,49.352192,0.0,5.024985,27.905,51.025223,-2.707,4.4396267,-2.911,-2.4306793,0.0,-0.41894454,3.9455,14.607179
381,ETTm2,Autoformer,dishts,96,336,0.75,2023,avg,False,paper,25.717,48.989384,0.0,4.8093977,28.923,51.02849,-2.868,4.300485,-2.911,-2.4672654,0.0,-0.40498883,4.8245,14.44754
382,ETTm2,Autoformer,dishts,96,336,0.75,2023,avg,False,paper,25.298,48.743523,0.0,4.684684,28.682,51.028023,-2.815,4.1985874,-2.911,-2.4833832,0.0,-0.39143866,5.4835,14.432763
383,ETTm2,Autoformer,dishts,96,336,0.75,2023,avg,False,paper,25.801,48.899776,0.0,4.7907495,28.736,51.02408,-3.029,4.2178183,-2.911,-2.471374,0.0,-0.39581555,6.3625,14.471779
384,ETTm2,Autoformer,dishts,96,336,0.75,2023,avg,False,paper,25.13,49.07418,0.0,4.902632,29.191,50.972622,-2.654,4.2555275,-2.911,-2.4554327,-1.247,-0.40833348,6.802,14.44009
385,ETTm2,Autoformer,dishts,96,336,0.75,2023,avg,False,paper,26.219,49.186726,0.0,4.9913225,29.513,50.955772,-2.466,4.287188,-2.911,-2.4403894,0.0,-0.42024428,7.4605,14.376503
386,ETTm2,Autoformer,dishts,96,336,0.75,2023,avg,False,paper,26.638,49.631832,0.0,5.228511,29.942,51.02567,-2.225,4.39338,-2.911,-2.4125657,0.0,-0.43109035,8.12,14.353133
387,ETTm2,Autoformer,dishts,96,336,0.75,2023,avg,False,paper,25.549,49.955864,0.0,5.394154,29.245,51.044876,-2.386,4.458258,-2.911,-2.400386,0.0,-0.4265263,8.779,14.337686
388,ETTm2,Autoformer,dishts,96,336,0.75,2023,avg,False,paper,26.554,49.688408,0.0,5.240322,29.728,50.90479,-2.439,4.37058,-2.911,-2.4229233,0.0,-0.40077686,9.4385,14.289932
389,ETTm2,Autoformer,dishts,96,336,0.75,2023,avg,False,paper,26.89,49.52247,0.0,5.1114836,29.781,50.768612,-2.305,4.293065,-2.836,-2.4356005,0.0,-0.38338137,10.3175,14.214491
390,ETTm2,Autoformer,dishts,96,336,0.75,2023,avg,False,paper,25.298,49.812004,0.0,5.2273645,28.897,50.766617,-2.627,4.3238373,-3.049,-2.4108846,-1.226,-0.38406295,11.196,14.133209
391,ETTm2,Autoformer,dishts,96,336,0.75,2023,avg,False,paper,24.712,50.24898,0.0,5.4594507,28.173,50.89702,-3.029,4.426346,-3.049,-2.374285,0.0,-0.39266396,11.8555,14.070865
392,ETTm2,Autoformer,dishts,96,336,0.75,2023,avg,False,paper,23.874,50.60111,0.0,5.6421995,27.422,51.029068,-3.351,4.533858,-3.049,-2.3523548,-1.226,-0.39691126,12.5145,14.043434
393,ETTm2,Autoformer,dishts,96,336,0.75,2023,avg,False,paper,24.628,50.750675,0.0,5.6876936,27.851,51.072384,-3.324,4.6021566,-3.049,-2.3544757,0.0,-0.3918786,12.9545,14.040642
394,ETTm2,Autoformer,dishts,96,336,0.75,2023,avg,False,paper,23.874,50.690823,0.0,5.6145287,27.449,51.08918,-3.136,4.6042786,-3.049,-2.3638892,-1.29,-0.3843401,12.9545,13.976461
395,ETTm2,Autoformer,dishts,96,336,0.75,2023,avg,False,paper,24.041,50.88884,0.0,5.646985,27.717,51.14482,-2.734,4.655853,-3.049,-2.3423622,-1.247,-0.38585722,13.3935,13.8698845
396,ETTm2,Autoformer,dishts,96,336,0.75,2023,avg,False,paper,24.293,51.289955,0.0,5.820897,27.771,51.26128,-2.6,4.7531776,-3.049,-2.2834473,-1.237,-0.3945263,13.833,13.706714
397,ETTm2,Autoformer,dishts,96,336,0.75,2023,avg,False,paper,23.79,51.011368,0.0,5.799573,27.422,51.267082,-3.056,4.7037907,-3.049,-2.215593,0.0,-0.3955847,14.2725,13.397152
398,ETTm2,Autoformer,dishts,96,336,0.75,2023,avg,False,paper,23.036,50.55582,0.0,5.721692,26.94,51.151936,-3.109,4.616937,-3.049,-2.169375,-1.226,-0.38981968,14.9315,13.0596485
399,ETTm2,Autoformer,dishts,96,336,0.75,2023,avg,False,paper,23.371,50.380947,0.0,5.7241836,26.511,50.958706,-3.297,4.565279,-3.049,-2.1605847,0.0,-0.3904825,15.591,12.748525
400,ETTm2,Autoformer,dishts,96,336,0.75,2023,avg,False,paper,23.204,50.05051,0.0,5.6338286,26.109,50.675037,-3.512,4.4603333,-3.049,-2.1976295,0.0,-0.39393938,16.0305,12.52343
401,ETTm2,Autoformer,dishts,96,336,0.75,2023,avg,False,paper,22.869,49.323727,0.0,5.373179,25.707,50.405045,-3.431,4.26188,-3.049,-2.2531009,0.0,-0.3904701,16.25,12.403305
402,ETTm2,Autoformer,dishts,96,336,0.75,2023,avg,False,paper,22.534,48.720715,0.0,5.1749053,25.465,50.17874,-3.163,4.0822515,-3.049,-2.271067,0.0,-0.3840583,16.47,12.298105
403,ETTm2,Autoformer,dishts,96,336,0.75,2023,avg,False,paper,23.371,48.52547,0.0,5.193607,26.27,50.022343,-3.056,4.0041018,-2.58,-2.2328074,0.0,-0.38705707,16.25,12.177433
404,ETTm2,Autoformer,dishts,96,336,0.75,2023,avg,False,paper,23.036,48.388058,0.0,5.2675333,26.538,49.916073,-3.109,3.974292,-2.58,-2.1683216,0.0,-0.39748394,16.25,12.024233
405,ETTm2,Autoformer,dishts,96,336,0.75,2023,avg,False,paper,22.115,48.59236,0.0,5.467409,26.028,49.8654,-3.163,4.040267,-3.87,-2.0979369,0.0,-0.41364586,16.25,11.8302555
406,ETTm2,Autoformer,dishts,96,336,0.75,2023,avg,False,paper,23.539,49.01959,0.0,5.7126656,26.243,49.743664,-3.512,4.14546,-2.633,-2.0480678,0.0,-0.4255188,16.25,11.616908
407,ETTm2,Autoformer,dishts,96,336,0.75,2023,avg,False,paper,23.539,49.115986,0.0,5.7234488,26.564,49.528915,-3.243,4.1564565,-2.633,-2.0482352,0.0,-0.42238325,15.8105,11.387348
408,ETTm2,Autoformer,dishts,96,336,0.75,2023,avg,False,paper,24.209,49.07072,0.0,5.578222,26.967,49.40941,-3.217,4.120247,-2.633,-2.0839531,0.0,-0.40948063,15.371,11.1770735
409,ETTm2,Autoformer,dishts,96,336,0.75,2023,avg,False,paper,24.628,49.130913,0.0,5.490087,27.235,49.31482,-3.324,4.1061063,-2.633,-2.103966,0.0,-0.40455985,15.1515,11.005665
410,ETTm2,Autoformer,dishts,96,336,0.75,2023,avg,False,paper,25.382,49.259823,0.0,5.4946594,28.414,49.176704,-2.6,4.133893,-2.633,-2.1077178,0.0,-0.40917486,14.492,10.886633
411,ETTm2,Autoformer,dishts,96,336,0.75,2023,avg,False,paper,27.141,49.18102,0.0,5.471533,29.433,49.02375,-2.627,4.1369724,-1.215,-2.1270401,0.0,-0.40131676,13.833,10.77848
412,ETTm2,Autoformer,dishts,96,336,0.75,2023,avg,False,paper,27.141,48.979507,0.0,5.4118357,29.406,48.90864,-2.841,4.0766425,-1.215,-2.1377807,0.0,-0.36431307,13.3935,10.555766
413,ETTm2,Autoformer,dishts,96,336,0.75,2023,avg,False,paper,27.727,48.517406,0.0,5.253115,29.754,48.711975,-3.163,3.9223971,-1.61,-2.1220055,0.0,-0.3260631,12.7345,10.265178
414,ETTm2,Autoformer,dishts,96,336,0.75,2023,avg,False,paper,27.56,47.974915,0.0,5.0390396,29.701,48.37349,-3.592,3.7795477,-1.365,-2.1142783,0.0,-0.31255305,12.2945,10.057596
415,ETTm2,Autoformer,dishts,96,336,0.75,2023,avg,False,paper,26.973,47.525337,0.0,4.7871532,30.719,47.94863,-2.225,3.6767783,-2.729,-2.1500068,-1.226,-0.31314823,11.8555,9.834398
416,ETTm2,Autoformer,dishts,96,336,0.75,2023,avg,False,paper,29.151,46.916794,0.0,4.4820075,32.033,47.494698,-1.85,3.5573628,-2.729,-2.199741,-1.215,-0.3149854,11.1965,9.587219
417,ETTm2,Autoformer,dishts,96,336,0.75,2023,avg,False,paper,30.827,46.12377,0.0,4.19024,33.909,47.125347,0.0,3.3941207,-2.729,-2.2317145,0.0,-0.3227542,10.757,9.438863
418,ETTm2,Autoformer,dishts,96,336,0.75,2023,avg,False,paper,30.492,45.24389,0.0,3.8675056,33.534,46.83156,-1.34,3.1927109,-2.729,-2.2540197,0.0,-0.3274204,10.3175,9.2391205
419,ETTm2,Autoformer,dishts,96,336,0.75,2023,avg,False,paper,30.743,44.398983,0.0,3.5849013,33.775,46.44116,-1.528,2.950163,-2.729,-2.2202187,0.0,-0.34584638,9.658,9.086686
420,ETTm2,Autoformer,dishts,96,336,0.75,2023,avg,False,paper,32.586,43.996582,0.0,3.5182624,34.016,46.14763,-1.635,2.8502398,0.0,-2.16822,0.0,-0.36043018,9.4385,8.956436
421,ETTm2,Autoformer,dishts,96,336,0.75,2023,avg,False,paper,33.507,43.76475,0.0,3.5247025,34.767,46.024208,0.0,2.8131163,0.0,-2.15685,0.0,-0.3549044,8.999,8.733434
422,ETTm2,Autoformer,dishts,96,336,0.75,2023,avg,False,paper,34.01,44.08699,0.0,3.7112823,35.25,46.135902,0.0,2.9150481,0.0,-2.1384928,0.0,-0.35169703,8.5595,8.466514
423,ETTm2,Autoformer,dishts,96,336,0.75,2023,avg,False,paper,34.01,44.703094,0.0,4.0498276,35.705,46.401005,0.0,3.1172974,-1.461,-2.0958169,0.0,-0.36425942,8.34,8.366209
424,ETTm2,Autoformer,dishts,96,336,0.75,2023,avg,False,paper,35.853,45.691513,0.0,4.576861,37.528,46.85209,-1.984,3.3929732,0.0,-2.0521734,0.0,-0.38573903,7.9,8.47819
425,ETTm2,Autoformer,dishts,96,336,0.75,2023,avg,False,paper,36.188,46.66259,0.0,5.103488,38.413,47.308037,0.0,3.625253,-1.269,-2.008684,0.0,-0.4054873,7.6805,8.707691
426,ETTm2,Autoformer,dishts,96,336,0.75,2023,avg,False,paper,37.779,46.712257,0.0,5.237068,39.646,47.402653,0.0,3.6165078,-1.237,-1.9871371,0.0,-0.41104352,7.241,8.892579
427,ETTm2,Autoformer,dishts,96,336,0.75,2023,avg,False,paper,38.617,47.112114,0.0,5.4708014,40.182,47.571575,0.0,3.6883047,-1.215,-1.9695227,0.0,-0.42532516,7.021,9.16532
428,ETTm2,Autoformer,dishts,96,336,0.75,2023,avg,False,paper,40.125,48.89646,0.0,6.2320457,41.12,48.213997,0.0,4.1165843,0.0,-1.9519265,0.0,-0.46480048,6.8015,9.665111
429,ETTm2,Autoformer,dishts,96,336,0.75,2023,avg,False,paper,39.036,51.658905,0.0,7.378341,39.887,49.284664,0.0,4.8440957,0.0,-1.966028,0.0,-0.5258199,6.8015,10.2983
430,ETTm2,Autoformer,dishts,96,336,0.75,2023,avg,False,paper,40.209,53.804813,0.0,8.255976,39.941,50.264366,0.0,5.453637,0.0,-2.0155356,0.0,-0.5851156,6.3625,10.63022
431,ETTm2,Autoformer,dishts,96,336,0.75,2023,avg,False,paper,37.863,50.475105,0.0,5.565654,38.386,48.47588,0.0,3.9892888,0.0,-2.4280362,0.0,-0.56106955,6.3625,10.85763
